Title;Author;Co-Author;IsSpliced;Plays;Splices;Released Splices;Likes;Date;Comments
Raining in the City;_devonjames;andy-moredani-opffer;False;63;2;0;0;23/01/2015;0
Re-up On The Package;_devonjames;brett-croe-djtantric;False;107;1;0;2;23/01/2015;1
Eternity;_Farley;-;False;766;73;0;9;23/11/2017;1
undergus_bass-theme-1;_gus;-;False;102;0;0;4;23/01/2015;4
undergus_sudden;_gus;-;False;148;1;0;3;23/01/2015;4
Gustavo Andréu - Trascendencia (Edén Paralelo);_gus;-;False;417;29;0;6;23/01/2015;2
Jacob Plant feat. Maxine - About You (PHUA remix);-PHUA-;-;False;668;30;0;12;23/11/2017;1
Outa My Head - (PHUA Remix) [Full FLP];-PHUA-;-;False;745;49;0;8;23/11/2017;0
Jacob Plant feat. Maxine - About You (PHUA remix) [Full FLP];-PHUA-;-;False;530;30;0;5;23/11/2017;0
O - Tropical House;-PHUA-;-;False;1798;66;0;22;22/01/2017;1
Dope - PHUA;-PHUA-;-;False;492;27;1;10;22/01/2017;0
The Scientist - Coldplay (Tropical House Remix);-PHUA-;-;False;965;63;0;13;22/01/2017;3
White Iverson - Post Malone (Remix);-PHUA-;-;False;688;38;0;13;22/01/2017;3
DVBBS - Not Going Home (-PHUA- remix);-PHUA-;-;False;168;8;0;3;22/01/2017;1
Collab??;-PHUA-;-;False;237;12;0;8;27/05/2017;1
I Like Me Better - Lauv (PHUA Remix);-PHUA-;-;False;1415;50;0;13;26/06/2017;0
I Like Me Better;-PHUA-;-;False;1602;83;0;24;26/07/2017;9
B.Y.E -PHUA (Future Bass/Trap);-PHUA-;-;False;1242;70;0;26;26/07/2017;7
"(FREE) *2017* Rich the kid ""Dirty talk"" ft. Lil Pump - Prod. 24Beatz";24Beatz;-;False;1233;112;0;15;23/11/2017;0
5am Oclock;5ammusic;greaterthanzero-joshspoon-whqles-sydeshow;False;35;1;0;1;23/01/2015;0
Free Ableton Live Template San Tropez by Abletunes;abletunes;-;False;3581;392;3;24;23/01/2014;8
Abletunes - Spider;abletunes;-;False;1223;129;0;10;23/01/2014;2
Free EDM Construction Kits;abletunes;-;False;452;31;0;5;23/01/2016;0
Free Instrument Racks for Ableton Live (Operator-based);abletunes;-;False;371;29;0;2;23/01/2016;0
"Techno Ableton Live Template ""Korat""";abletunes;-;False;887;167;0;13;23/01/2016;0
"""Future Bass Drums"" Sample Pack Sneak Peek [FREE taster link in the description]";abletunes;-;False;451;29;0;2;23/01/2016;0
"FREE Ableton Template ""Dope as F*ck"" by Abletunes";abletunes;-;False;615;53;0;5;22/01/2017;0
"Free Ableton Template / Free Ableton Project ""Hideout""";abletunes;-;False;2774;400;0;52;22/01/2017;5
Chilly;adamflorin;greaterthanzero-joshspoon-neil-sanderowen-simbalic-kytrinyx-justinasher;False;355;16;0;5;23/01/2014;1
Superb Owl;adamflorin;-;False;584;25;0;10;23/01/2015;3
What's up now;adamflorin;seap-markokoh-moongiia-hiko;False;86;0;0;1;23/01/2015;0
I'm Not Surprised;afrodjmac;-;False;950;101;0;12;23/01/2015;1
Creative Sampling Techniques;afrodjmac;marsattacks;False;526;58;0;2;23/01/2015;0
Sound Design with Ableton's Sampler;afrodjmac;marsattacks;False;190;18;0;1;23/01/2015;0
Building Custom Instrument Racks;afrodjmac;marsattacks;False;779;57;0;7;23/01/2015;0
Agola - Save My Soul;agola;cainenovak;False;124;5;0;0;23/01/2014;1
Stage;agola;-;False;597;30;0;7;23/01/2015;0
Elliott Dub;agola;-;False;227;17;0;3;23/01/2015;1
Deep Lake Enchantment (FEAT. Vicencia);agola;-;False;205;4;0;3;23/01/2015;1
Agola - Theater;agola;bktest;False;85;0;0;2;23/01/2015;1
Dessen;agola;bktest;False;304;12;0;3;23/01/2016;0
Alex Menco - Scream (FREE Future House Template);alexmenco;-;False;3528;372;0;44;23/01/2016;0
Alex Menco - Deepness (Future House, Deep House);alexmenco;-;False;4670;499;0;65;23/01/2016;4
COSMOS by Alex Menco (Bigroom House, Electro House, EDM) / Midi Production;alexmenco;-;False;2149;216;0;24;23/01/2016;0
Future Bubble by Alex Menco (Future House, Club House, EDM) / Midi Production;alexmenco;-;False;566;23;0;6;23/01/2016;0
TOP 1 Beatport REMAKE - KSHMR feat. Sidnie Tipton - Wildcard (Alex Menco Ableton Live & Logic Pro X Template);alexmenco;-;False;998;46;0;5;23/01/2016;0
TOP 1 Beatport REMAKE - Croatia Squad&Lika Morgan - Make You Move (Alex Menco Logic Pro X & Ableton Live Template);alexmenco;-;False;881;48;0;7;23/01/2016;0
TOP 1 Beatport REMAKE - Bassjackers feat. Luciana - Fireflies (Alex Menco Ableton Live Template);alexmenco;-;False;548;53;0;6;22/01/2017;1
TOP 1 Beatport REMAKE - Bassjackers feat. Luciana - Fireflies (Alex Menco Logic Pro X Template);alexmenco;-;False;1416;165;0;14;22/01/2017;0
title;andresh;aylen;False;63;1;0;0;23/01/2015;1
title;andresh;aylen;False;274;3;0;2;23/01/2015;1
ish boat;andy;barbershreds-nacl-tholex-sneamonitakis;False;168;1;0;5;23/01/2015;5
what is theees;andy;fuzuku-adamflorin-sneamonitakis-professor_bombay-marsattacks;False;136;0;0;0;23/01/2015;1
shreddalhead;andy;smart-sneamonitakis-adamsplice-splicestudios;False;756;12;0;1;23/01/2015;2
sinister wave;andy;fuzuku-dysrupt-erinbarra-bae_bro-philmatic;False;306;4;0;2;23/01/2015;1
mizzusicall;andy;_devonjames-moredani-opffer;False;47;2;0;1;23/01/2015;0
mizzusicall;andy;_devonjames-moredani-opffer;False;25;1;0;1;23/01/2015;0
nu regg;andy;-;False;488;17;0;2;23/01/2016;0
slo-mo;andy;-;False;733;29;0;5;23/01/2016;0
depth;andy;smart-mattetti-capcom-jakelamante-neil-adamflorin-sneamonitakis-rebase;False;373;14;0;2;23/01/2015;1
anytown, india;andy;sneamonitakis-professor_bombay-youngtrane-bakir;False;521;32;0;9;23/01/2016;0
spliceroni;andy;themetabeing-endlessspace-matth-soundsdefygravity-dysrupt-chrislyons-geometree-professor_bombay;False;216;4;2;0;23/01/2014;3
Who wants to collaborate?!;Arad;-;False;489;33;0;5;23/01/2015;0
Wanna Collab?;Arad;-;False;5809;339;1;66;23/01/2016;17
Feel Your Love Remix (*Found Collaborator*);Arad;-;False;2129;83;0;12;23/01/2016;2
DeepZizi (Sleepwalk Mix);artofsampling;-;False;168;2;0;3;23/01/2015;0
Ghould House Sampler;artofsampling;-;False;396;7;0;2;23/01/2015;0
ZamplerClapMachine;artofsampling;-;False;325;3;0;0;23/01/2015;0
Ambience Effects;artofsampling;-;False;295;0;0;2;23/01/2015;0
ThrillseekerVarietyofsound (deep);artofsampling;-;False;209;2;0;2;23/01/2015;0
MolotDemo;artofsampling;-;False;37;0;0;0;23/01/2015;0
Pilgrimdemo;artofsampling;-;False;47;1;0;0;23/01/2015;0
J74Lim6demo;artofsampling;-;False;64;2;0;0;23/01/2015;0
MeldaDemo;artofsampling;-;False;170;0;0;1;23/01/2015;0
Radioactive Tunnel;artofsampling;-;False;810;40;0;8;23/01/2015;3
little pony;Asthmatik;-;False;477;2;0;3;23/01/2016;0
ABANDONED DREAMS;Asthmatik;-;False;98;2;0;0;24/10/2017;0
Science;aukie;-;False;183;11;0;4;23/01/2016;0
Low Level Language;aukie;-;False;113;3;0;1;23/01/2016;0
Musikal Shares;aylen;brett-doodle;False;3;6;0;0;23/01/2015;0
The Cave;aylen;-;False;773;14;0;2;23/01/2015;6
Frozen Spirits;Azodiac;-;False;1732;121;1;28;22/01/2017;4
Black Rose;Azodiac;-;False;2951;158;0;55;25/08/2017;8
Bae Bro;bae_bro;andy-dysrupt-erinbarra;False;82;1;0;0;23/01/2014;0
Rae Sremmurd - No Flex Zone (Baewatch Trap Bootleg);Baewatch;-;False;7700;671;1;112;23/01/2015;5
Splice Pon Babylon;bakir;sneamonitakis-marsattacks-sedadbk;False;77;4;0;2;23/01/2015;2
Splice Pon Babylon;bakir;sneamonitakis-marsattacks-sedadbk;False;135;1;0;1;23/01/2015;4
Splice Pon Babylon;bakir;sneamonitakis-marsattacks-sedadbk;False;171;4;0;5;23/01/2015;1
U-NO-LX;batrak;-;False;1622;141;0;23;23/01/2016;0
Splice July 17th Midi Challenge (Project FIle);Beluga;-;False;128;6;0;0;23/01/2015;0
Deep Dream;Beluga;-;False;506;1;0;3;23/01/2016;0
Leucas;Beluga;-;False;377;13;0;3;23/01/2016;0
Cetaceans;Beluga;-;False;326;23;0;4;23/01/2016;0
melonhead;Beluga;-;False;242;13;0;3;23/01/2016;0
Monodontidae;Beluga;-;False;886;33;0;7;23/01/2016;1
Chain;Beluga;-;False;225;8;0;0;23/01/2016;0
GHS Song;Beluga;-;False;146;0;0;0;23/01/2016;0
Dancehall, afrotrap, rap/cloudrap type beat;BenOwlens;-;False;1038;44;0;5;23/11/2017;0
Hiphop, rap/cloudrap type beat;BenOwlens;-;False;759;27;0;1;23/12/2017;0
Blondi - In The Groove;Blondifox;-;False;627;41;0;18;24/10/2017;4
Blondi - Aphelion;Blondifox;-;False;146;3;0;1;24/10/2017;0
Blondi - Here Lies Dragons;Blondifox;-;False;216;8;0;0;24/10/2017;0
Happy Me Loop;Blondifox;-;False;124;2;0;1;24/10/2017;0
Blondi - Bark Bark;Blondifox;-;False;293;9;0;2;23/11/2017;0
beat 1-1 Slow;BOXXXX;-;False;350;12;0;3;24/10/2017;0
Dubstep (Eptic, Virtual Riot, Barely Alive, Panda Eyes, Excision);BOXXXX;-;False;2707;184;0;33;24/10/2017;2
Br3akPoint - Zero Tolerance;Br3akPoint;-;False;1964;54;0;16;28/03/2017;2
Br3akPoint - Bring the House Down;Br3akPoint;-;False;1559;37;0;15;28/03/2017;12
Br3akPoint x XS - Freedom (TEASER PREVIEW) UNFINISHED;Br3akPoint;-;False;2118;73;0;24;27/04/2017;14
Matthew Parker & Swedish Revolution - Alive (Br3akPoint Remix) TEASER UNFINISHED;Br3akPoint;-;False;2794;104;0;40;27/05/2017;21
Bonnie x Clyde - In the City (Br3akPoint Remix) (Drop Only);Br3akPoint;-;False;1768;30;0;14;26/07/2017;2
Br3akPoint Butterfly Effect EP Teaser (Only 2 Songs);Br3akPoint;-;False;227;5;0;5;24/09/2017;5
Br3akPoint - ClickBait (Butterfly Effect EP);Br3akPoint;-;False;665;17;0;12;23/11/2017;5
Heart Break Dark Trap Beat (prod. Br3akPoint);Br3akPoint;-;False;234;8;0;5;23/12/2017;4
Loop1;bretsil;-;False;358;11;0;3;22/01/2017;0
Untitled Project (4);brett;-;False;179;4;0;0;23/01/2016;0
Ketchup1 (1);burtfox;phiunit;False;22;0;0;0;23/01/2015;0
making me high;cainenovak;barbershreds-nickace;False;35;4;0;0;23/01/2014;2
2pac - Fuck all Yall;cainenovak;phiunit-cousincole-ak47;False;119;2;0;0;23/01/2014;0
Vafanapoli;cainenovak;kseebaldt-jrsa-rhxt1002-yusukemori-wasp190-artia-genia-unmute;False;23;2;0;0;23/01/2014;2
making me high;cainenovak;barbershreds-nickace;False;107;7;0;0;23/01/2014;2
brand new shoes;cainenovak;brett-neil-ak47-nickace;False;161;10;0;1;23/01/2014;2
making me high;cainenovak;barbershreds-nickace;False;728;49;1;2;23/01/2014;6
Macondo;cainenovak;-;False;126;4;0;2;23/01/2015;4
Vafanapoli;cainenovak;kseebaldt-jrsa-rhxt1002-yusukemori-wasp190-artia-genia-unmute;False;164;12;2;1;23/01/2014;3
Flare (Camino ReEdit);camino;-;False;279;14;0;3;23/01/2015;1
Jambola 303 Acid;camino;-;False;332;14;0;7;23/01/2015;1
Purple Ice;camino;-;False;695;35;1;13;23/01/2015;1
WAREIKA - THE NEW BEAT GENERATION (Deconstructed);camino;-;False;183;10;0;0;23/01/2015;0
Deep House Secrets (Session 1);camino;-;False;1154;39;1;3;23/01/2015;1
Hit The System HTS Module;camino;-;False;298;5;0;3;23/01/2015;1
FOXFOX - B1RDTRVP (Camino G-Remix);camino;-;False;475;18;0;5;23/01/2015;2
Suite No.7;camino;agola;False;171;3;1;1;23/01/2015;0
karavella;camino;-;False;210;1;0;3;23/01/2015;0
HLPVT;camino;-;False;334;9;0;0;23/01/2015;1
Untitled40 - Camino Remix;camino;-;False;249;19;0;2;23/01/2016;0
20th;capcom;-;False;69;4;0;0;23/01/2014;0
En Fait c'est bien chzbrgr;capcom;-;False;103;4;0;0;23/01/2014;0
CHAE...RELEASE ME (AGNES INTERPRETATION);CHAE;-;False;27;0;0;0;27/05/2017;0
CHAE...DER REGEN NACH DIR;CHAE;-;False;41;0;0;0;27/05/2017;0
CHAE...IN DER DUNKELSTEN STUNDE;CHAE;-;False;42;0;0;0;27/05/2017;0
CHAE...SO LEICHT;CHAE;-;False;112;3;0;2;27/05/2017;1
CHAE...M.A.;CHAE;-;False;40;0;0;0;26/06/2017;0
CHAE...CHAMP;CHAE;-;False;52;1;0;1;26/07/2017;0
CHAE...CHA zu dem EEE;CHAE;-;False;54;1;0;0;25/08/2017;0
CHAE...MAN IN THE MIRROR (CHAE INTERPRETATION);CHAE;-;False;29;1;0;1;25/08/2017;0
CHAE...STRAßENDIAMANT;CHAE;-;False;32;0;0;0;24/10/2017;0
CHAE...EL PATRON;CHAE;-;False;22;0;0;0;24/10/2017;0
CHAE...BLUE SIDE;CHAE;-;False;13;0;0;0;23/11/2017;0
CHAE...REVOLUTION;CHAE;-;False;10;0;0;0;23/11/2017;0
CHAE...FAMILIE;CHAE;-;False;3;0;0;0;23/11/2017;0
CHAE...MIKEnte;CHAE;-;False;12;0;0;0;23/11/2017;0
CHAE...HOPEFULL;CHAE;-;False;11;0;0;0;23/12/2017;0
Pink lemonade;charliebruh;-;False;2348;131;0;24;27/05/2017;4
propaganda;charliebruh;-;False;3075;238;0;39;27/05/2017;3
Free (w/Bonnie x Clyde);charliebruh;-;False;2352;143;0;28;26/06/2017;0
Parametic;charliebruh;-;False;668;41;0;10;26/06/2017;0
Round trip;charliebruh;-;False;491;42;0;10;26/07/2017;0
tremelo;charliebruh;-;False;1388;74;0;24;26/07/2017;1
pluto;charliebruh;-;False;4988;379;0;84;25/08/2017;3
boondoggle;charliebruh;-;False;1080;65;0;18;24/09/2017;2
piddlydink;charliebruh;-;False;2779;164;0;35;24/09/2017;1
wavey;charliebruh;-;False;1346;80;0;25;23/11/2017;0
notorious thugs;charliebruh;-;False;1223;58;0;19;23/11/2017;1
floatin;charliebruh;-;False;720;45;0;9;23/11/2017;1
lucid;charliebruh;-;False;829;55;0;11;23/12/2017;0
Crstyal;charliebruh;-;False;1252;108;0;20;23/12/2017;0
oceans;charliebruh;-;False;266;19;0;4;11/01/2018;2
Purple Lamborghini Remix Demo;Charm;-;False;93;3;0;2;27/05/2017;0
Excision & Space Laces - Throwin' Elbows (Chimmer Edit);Chimmer;-;False;3000;211;0;52;22/01/2017;2
PORTER (Open Collaboration w/ Stems);Chimmer;-;False;4248;186;1;30;22/01/2017;2
Inside;Chimmer;-;False;2165;158;0;31;22/01/2017;2
Post Malone - Congratulations (Chimmer Flip);Chimmer;-;False;5871;509;0;102;22/01/2017;5
Fuck A Intro (New Beats Soon);Chimmer;-;False;2410;134;0;34;28/03/2017;2
Lil Uzi Vert - XO TOUR Llif3 (Chimmer Flip);Chimmer;-;False;3479;220;3;54;27/04/2017;2
Decap - We Did It (Chimmer Edit);Chimmer;-;False;1107;76;0;14;27/05/2017;1
Ravyn Lenae - Venezuela Trains (Chimmer Remix);Chimmer;-;False;807;48;0;17;26/07/2017;0
APE (OPEN COLLABORATION);Chimmer;-;False;1993;143;3;39;25/08/2017;2
Post Malone - Rockstar (Chimmer Flip);Chimmer;-;False;7447;500;1;116;24/09/2017;6
Dipp;Chimmer;-;False;3955;223;0;65;24/09/2017;2
Joji - Will He (Chimmer Flip);Chimmer;-;False;3480;192;0;46;24/10/2017;2
Justin Bieber - Hotline Bling Remix (Chimmer Flip);Chimmer;-;False;1278;75;0;12;23/11/2017;2
Heyitsvidi - Ovatime (Chimmer Flip);Chimmer;-;False;2812;248;0;42;22/01/2017;3
Loopmasters Presents- Sebastien Leger - Funky Tech House starting point;chudweezy;brett;False;729;16;0;0;23/01/2016;0
Tiesto & SWACQ - Sumos (Samples);clublifevol5;-;False;2691;497;0;25;23/12/2017;1
Tiesto & John Christian - Scream (Samples);clublifevol5;-;False;4954;771;3;41;23/12/2017;3
Tiesto - Fat Beat (Samples);clublifevol5;-;False;3203;501;0;23;23/12/2017;0
Tiesto - Don't Stop (Samples);clublifevol5;-;False;3968;579;0;29;23/12/2017;1
SWACQ - The Impact (Samples);clublifevol5;-;False;2452;405;0;19;23/12/2017;1
SWACQ - Guerrilla (Samples);clublifevol5;-;False;3649;581;0;23;23/12/2017;2
John Christian - Funkastarz (Samples);clublifevol5;-;False;4095;657;0;34;23/12/2017;0
John Christian - Back to the Oldskool (Samples);clublifevol5;-;False;5958;793;0;44;23/12/2017;2
Tiesto vs. John Christian & SWACQ - Brolab (Samples);clublifevol5;-;False;2683;450;1;14;23/12/2017;0
John Christian - Revolt (Samples);clublifevol5;-;False;8603;1013;0;48;23/12/2017;3
cousin cole thing that sounds like samir's theme;cousincole;themetabeing-phiunit-jinks;False;151;12;1;1;23/01/2014;1
Sumatra;croe;phiunit-s4rus;False;4;1;0;0;23/01/2015;0
Sofa King Good;croe;_devonjames-djtantric;False;39;0;0;1;23/01/2015;0
Zanzibar;Crowdsplicer;duckhunter-brett-m3t1-mikhail-m4m-samcox-paulzzz-5ammusic-juronomo-laserkraft3d-mynameistom-zaktt-viceversa-rollog-meckanical-martintime-andrewlngdn-nuance-colorthought-sebkon-thinkingthing-LeglessBoxer-Beluga-aukie-killerkrazzy-Reez-mussarmusic;False;2202;120;0;43;23/01/2016;9
Eclipse;Crowdsplicer;duckhunter-brett-m3t1-mikhail-m4m-samcox-paulzzz-5ammusic-juronomo-laserkraft3d-mynameistom-zaktt-viceversa-rollog-meckanical-martintime-andrewlngdn-nuance-colorthought-sebkon-thinkingthing-LeglessBoxer-Beluga-aukie-killerkrazzy-Reez-mussarmusic;False;1712;40;0;19;23/01/2016;3
Fire & Ice;Crowdsplicer;duncan-bastorama-nebyoolae-lucretive-toddoli-wiplo-Moonlapse-sevanmusic-Frost_99-dfriedla-stpinkie-Gogogo757575-fishintunapuna;False;9435;126;0;29;23/01/2016;3
Quiz;Cuttle;-;False;65;1;0;0;23/01/2016;0
Grand Hustle X GOOD Beats;D_JainZ;-;False;1226;64;0;9;24/10/2017;0
Big Head X Migos type Beat;D_JainZ;-;False;929;71;0;8;23/11/2017;0
[2018] Low Klassified_Intro;D_JainZ;-;False;385;17;0;2;23/11/2017;0
Trophy;D_JainZ;-;False;343;9;0;0;23/11/2017;0
Panda Panda;D_JainZ;-;False;1088;50;0;5;23/12/2017;0
ST$CK;D_JainZ;-;False;2154;151;0;14;23/12/2017;0
YEEZYE;D_JainZ;-;False;1750;99;0;10;23/12/2017;0
G-Eazy Type Beat;D_JainZ;-;False;1511;83;0;10;23/12/2017;3
BUTTERFLYZE_[FREE RAP BEATS];D_JainZ;-;False;744;32;0;3;23/12/2017;0
XLARGE;D_JainZ;-;False;413;20;0;2;28/12/2017;0
KING$LY;D_JainZ;-;False;862;61;0;6;01/01/2018;1
GRIPPING;D_JainZ;-;False;221;5;0;2;05/01/2018;0
SLiiNK;D_JainZ;-;False;148;6;0;0;10/01/2018;0
DRE/SNOOP_TYPE BEAT;D_JainZ;-;False;194;8;0;1;10/01/2018;0
Young Chop X Beat ll;D_JainZ;-;False;758;40;0;7;24/10/2017;1
Wambi;dadewoyin;marsattacks-wiplo-ViKO;False;48;2;0;1;23/01/2015;1
Beat 3 - Opening [Summer Beats 2017] - Looking For Vocals (preview);Dainank;-;False;686;23;0;9;25/08/2017;0
Beat 6 - Plus Vocals;Dainank;-;False;2365;82;0;17;25/08/2017;0
Beat 7 - Shard [Summer Beats 2017] - Looking For Vocals (preview);Dainank;-;False;2316;129;0;31;25/08/2017;5
Beat 8 - Lapse [Summer Beats 2017] - Looking For Vocals (preview);Dainank;-;False;484;18;0;3;25/08/2017;0
Solar - #1 (Prod. Prospect) - [Zenith Beat Series];Dainank;-;False;890;46;0;9;25/08/2017;0
Dynasty - #3 (Prod. Prospect) - [Zenith Beat Series];Dainank;-;False;460;15;0;4;24/10/2017;0
Depth - #4 (Prod. Prospect) - [Zenith Beat Series];Dainank;-;False;3131;187;0;27;24/10/2017;2
Impaled Shard - #1 [Prod. Prospect] - Reworked Beats;Dainank;-;False;223;8;0;2;23/11/2017;1
Zenith Beat Series - Peak - #1;Dainank;-;False;706;36;0;7;23/11/2017;2
Diamonds [Zenith Beats] - #6;Dainank;-;False;404;19;0;1;23/11/2017;0
Elapse - [Zenith Beats] - #9;Dainank;-;False;392;27;0;7;23/12/2017;1
Paramount [Prod. Prospect] - Hip-Hop/Trap Beat [STEMS];Dainank;-;False;840;33;0;8;31/12/2017;4
1892 - [Project Scorch] - Prod. Prospect;Dainank;-;False;248;11;0;2;04/01/2018;0
Snoop Dogg - The Palm [Prod. Prospect];Dainank;-;False;132;4;0;2;04/01/2018;1
Free Progressive House Logic Pro X Template;dawtemplates;-;False;2503;312;0;18;23/01/2015;1
Free Logic Pro X Template Progressive Pop;dawtemplates;-;False;4402;613;0;42;23/01/2015;2
Free EDM Logic Pro X Template;dawtemplates;-;False;4396;803;0;31;23/01/2015;1
Free Logic X Pro Template;dawtemplates;-;False;26708;4305;0;83;23/01/2016;8
Free Ableton Pro Template Free Ableton Project;dawtemplates;-;False;16274;2865;2;105;23/01/2016;1
Free Ableton Live House Music Project/Template;dawtemplates;-;False;3083;431;1;44;23/01/2016;0
Free Logic Pro House Music Project/Template;dawtemplates;-;False;7279;913;0;68;23/01/2016;1
Free FL Studio Pro Project/Template;dawtemplates;-;False;6153;454;0;64;23/01/2016;2
DCMG-R & BLNE - Memories;DCMG;PsychicFlash;False;135;11;0;2;27/05/2017;0
GONG;delta9;-;False;678;12;0;2;25/08/2017;2
this time, make sure they're all dead;delta9;-;FALSE;1821;71;0;13;25/08/2017;1
groovy baby - think you can rap to this?;delta9;-;False;816;19;0;2;25/08/2017;0
Rico makes $$$money$$$;delta9;-;False;568;13;0;4;24/09/2017;0
Sunset Ave. [UPDATED with vocals];delta9;-;False;521;25;0;2;24/09/2017;0
Migos - Bad and Boujee [Trippy Trappy Remix];delta9;-;False;2303;83;1;11;24/09/2017;0
Childish Gambino - Redbone [Trap Remix];delta9;-;False;916;27;0;4;24/09/2017;2
Latre ft. Kevin Gates Remix;delta9;-;False;234;7;0;1;24/09/2017;0
101017;delta9;-;False;749;23;0;2;24/10/2017;0
october baby;delta9;-;False;830;33;0;3;24/10/2017;0
Drop - Earl Sweatshirt [Delta Nine remix];delta9;-;False;396;10;0;1;24/10/2017;0
no permission - wiz khalifa type beat with acapella;delta9;-;False;250;11;0;1;24/10/2017;0
Classic dubstep feel made with akai mpk2;delta9;-;False;137;2;0;2;24/10/2017;0
october baby [fixed up];delta9;-;False;230;8;0;3;24/10/2017;3
Bones/$uicide Boys type beat;delta9;-;False;300;14;0;2;23/11/2017;0
DB SPLICE;deluga;ivvn-fenoli-laj35-pdehling;False;1;3;2;0;23/01/2015;0
2015-08-05 На Дне (At the Bottom);dglazkov;iamchrisle;False;203;9;0;1;23/01/2016;0
Laundromat Shaman Remix;dglazkov;iamchrisle;False;104;5;0;1;23/01/2016;0
spaced out;djadhd;-;False;167;11;0;3;28/12/2017;2
You cant control me;djadhd;-;False;136;5;0;1;01/01/2018;2
GIVE IT UP ALREADY FT GAZZO CLEAN VERSION;djadhd;-;False;34;0;0;2;08/01/2018;0
a rap song ( i dont normally do this but a friend said i should post this and show people what i can do );djadhd;-;False;34;0;0;0;10/01/2018;0
(second rap ) just messing around showing people what i can do , i would like to do this for a living also so if u want me to make something for u inbox me we will talk;djadhd;-;FALSE;26;0;0;0;10/01/2018;0
a drop version demo lol ( just throwing stuff out there for people to see dont mind , my friend said i should so ya lol i dont usually do rap but meh i gave it a try i put all three of these together in not even an hour;djadhd;-;FALSE;39;0;0;0;10/01/2018;0
Ted knows best remix by ADEHD;djadhd;-;False;20;0;0;0;21/01/2018;0
Fuck Dillion 2k15;djki;CHMurray345;False;443;0;0;0;23/01/2015;1
808stateofmind;djtantric;-;False;169;0;0;3;23/01/2015;0
Thomas Gold x Rico & Miella - On Fire (Masterclass);djthomasgold;brett;False;21763;2721;0;244;23/01/2016;14
I Guess I'll Go Now By L;DJUDE;-;False;409;20;0;6;28/03/2017;0
Game Over By L;DJUDE;-;False;43;1;0;1;18/01/2018;0
Hard Brass Instrumental (Prod. Jamie Gifford);DntFckWithCOWS;-;False;370;18;0;1;24/10/2017;0
Escape (Prod. JG Beats);DntFckWithCOWS;-;False;212;8;0;0;23/12/2017;0
Doctor Jeep - Delta [Splice WIP];doctajeep;marsattacks-bakir;False;1275;53;1;14;23/01/2015;4
geode;doodle;-;False;46;4;0;0;23/01/2014;1
Ice FUCKIT Challenge;doodle;aylen-brett;False;92;1;0;2;23/01/2015;0
sea way;doodle;-;False;35;1;0;1;23/01/2015;0
Project Zexo;Draiocht;-;False;399;15;0;4;23/11/2017;4
On and On;DrFresch;brett;False;401;65;0;9;23/01/2016;0
Beat Grummant;duckhunter;-;False;151;9;0;4;23/01/2015;1
Bayu;duckhunter;-;False;178;11;0;4;23/01/2015;2
Solitarium;duckhunter;Bassology;False;258;6;0;3;23/01/2015;1
Massive Deep;duckhunter;-;False;344;4;1;1;23/01/2015;0
Object Control;duckhunter;-;False;285;6;0;2;23/01/2015;0
Testdrive;duckhunter;-;False;216;8;0;7;23/01/2015;0
Electric Blue;duckhunter;-;False;320;9;0;3;23/01/2015;2
Pirate Ship;duckhunter;-;False;278;15;0;3;23/01/2015;2
La Tama (preview);duckhunter;-;False;241;8;0;7;23/01/2015;0
Mystery_Operator (Operator Sound Design Project);duckhunter;-;False;285;12;0;1;23/01/2015;0
Asylum;duckhunter;-;False;851;33;0;10;23/01/2016;2
Wireless;duckhunter;bktest;False;156;15;0;1;23/01/2014;1
PFMD - Why So Serious;duncan;matt_grandy;False;113;10;0;4;23/01/2015;0
PFMD - Somebody Who Gets It;duncan;matt_grandy;False;120;2;0;2;23/01/2015;1
DVBLEX - Believe (KSHMR Style);DVBLEX;-;False;3370;184;0;29;23/01/2016;2
DVBLEX - Roadkill (Style Spinnin Deep);DVBLEX;-;False;3449;290;0;41;22/01/2017;1
Maroon 5 Ft. Future - Cold (Future Bounce Style);DVBLEX;-;False;3528;306;0;45;28/03/2017;1
Atom Samples - Diablo Super Pack;DVBLEX;-;False;507;16;0;1;27/05/2017;0
AGAINST ALL ODDS;dyro;-;False;150112;13530;3;1392;23/01/2015;63
Dysrupt @ Splice;dysrupt;themetabeing-endlessspace-andy-matth;False;115;3;0;0;23/01/2014;1
Dysrupt @ Splice;dysrupt;andy-erinbarra-bae_bro;False;224;9;0;0;23/01/2014;2
Dysrupt @ Splice;dysrupt;andy-erinbarra-bae_bro;False;118;8;1;0;23/01/2014;1
Мы курим джа;ebuffalo;cainenovak;False;63;0;0;0;23/01/2015;0
150 The Best Templates For Ableton;edmmusictemplates;-;False;1244;39;0;1;11/01/2018;0
Future House + Progressive House Style (Templates) Logic Pro X;edmmusictemplates;-;False;80;7;0;2;11/01/2018;0
The Best Future Bass Style (Template + Tutorial) Logic Pro X;edmmusictemplates;-;False;146;27;0;0;11/01/2018;0
Spinnin' Deep - Love Is (Template + Tutorial + Stems) Logic Pro X;edmmusictemplates;-;False;126;11;0;1;11/01/2018;0
NewNew;endlessspace;themetabeing-matth-dysrupt;False;99;3;0;0;23/01/2014;0
Eric Sharp & Whitney Fierce - Wait Just Wait;ericsharp;brett-whitneyfierce;False;673;32;0;7;23/01/2015;8
Blank_Slate;erinbarra;andy-dysrupt-bae_bro;False;25;4;0;0;23/01/2014;0
T-Bone;ethanhein;-;False;413;12;0;0;23/01/2016;0
Kevin's aQWERTYon Loop remix;ethanhein;-;False;49;0;0;0;23/01/2016;0
Anesis x Trixyl - Stuck Without You (REMIX COMPETITION);EtherealEDM;-;False;1506;94;0;20;23/01/2016;1
3. Coming To Get You;everythingability;samdeane-krispopat;False;21;0;0;0;22/01/2017;0
3. Shit Going On;everythingability;samdeane-krispopat;False;73;1;0;0;22/01/2017;0
Animal (Odd);everythingability;-;False;93;0;0;0;22/01/2017;0
3. Glitter;everythingability;samdeane-krispopat;False;12;1;0;0;22/01/2017;0
3. Dumb Horizons;everythingability;samdeane-krispopat;False;61;3;0;1;22/01/2017;0
The Matter Of State ( Hells Bells );everythingability;samdeane-krispopat;False;23;0;0;0;22/01/2017;0
3. I’m Here;everythingability;samdeane-krispopat;False;13;0;0;0;22/01/2017;0
3. God Only Knows;everythingability;samdeane-krispopat;False;83;2;0;0;22/01/2017;0
3. All Logged Down;everythingability;samdeane-krispopat;False;13;0;0;0;22/01/2017;0
3. Violetta Belle;everythingability;samdeane-krispopat;False;19;0;0;0;22/01/2017;0
Open Your Eyes;everythingability;samdeane-krispopat;False;22;0;0;0;22/01/2017;0
3. I Can’t Help Myself;everythingability;samdeane-krispopat;False;18;0;0;0;22/01/2017;0
3. Prone To Forget;everythingability;samdeane-krispopat;False;23;0;0;0;22/01/2017;0
3. We Feel Nothing At All;everythingability;samdeane-krispopat;False;18;0;0;0;22/01/2017;0
3. Lookin Out My Window;everythingability;samdeane-krispopat;False;89;2;0;0;22/01/2017;0
Skrillex - Recess (Exploratio X Button Mashers Remix);exploratio;-;False;2882;295;0;40;23/01/2015;1
Woz - Trust Meh (Exploratio Remix);exploratio;-;False;50;1;0;0;23/01/2015;0
feewet - CHEAT;feewet;-;False;2344;197;0;26;23/01/2015;2
feewet - ALT-L (ft. Chris Otoole);feewet;-;False;1944;74;1;7;23/01/2015;3
3chainz;feewet;-;False;1778;159;0;27;23/01/2016;0
feewet - basement (dub version);feewet;-;False;514;34;0;5;23/01/2016;0
beat109 elves;feewet;-;False;53;3;0;2;27/04/2017;0
Mummify;fentonofficial;-;False;380;36;0;6;23/01/2015;8
Bro Safari x Fenton's Work In Progress [NOT FINAL];fentonofficial;brosafari;False;187;13;0;5;23/01/2015;6
Charlie McKill;fentonofficial;-;False;214;11;0;1;23/01/2015;1
Firebeatz & Schella - Dear New York (Project File);Firebeatz;-;False;63915;4713;0;340;23/01/2016;13
x beat 46 R&B;fishintunapuna;-;False;442;18;0;3;23/01/2016;0
x beat 57 R&B;fishintunapuna;-;False;756;38;0;8;23/01/2016;1
x beat 61 HIP HOP;fishintunapuna;-;False;1542;76;0;5;23/01/2016;0
x beat 62 R&B;fishintunapuna;-;False;128;4;0;3;23/01/2016;1
R3hab vs Skytech & Fafaq - Tiger (Remake FLP);FLPFamily;-;False;344;43;0;5;23/01/2016;0
KSHMR Ft. BassKillers & B3nte - The Spook (Original Mix) (FL Studio Remake);FLPFamily;-;False;278;38;0;2;23/01/2016;0
Dzeko & Torres and Maestro Harrell Ft. Delora - For You (Original Mix) (FL Studio Remake );FLPFamily;-;False;184;10;0;0;23/01/2016;0
Mike Hawkins & JETFIRE – Desert Storm;FLPFamily;-;False;159;7;0;0;23/01/2016;0
DIMARO & D-Stroyer - Stadium (Remake FLP);FLPFamily;-;False;218;2;0;0;23/01/2016;0
Curbi - Discharge;FLPFamily;-;False;483;35;0;4;23/01/2016;0
Martin Garrix feat. Usher - Don't Look Down (Remake FLP);FLPFamily;-;False;214;13;0;2;23/01/2016;0
Martin Garrix - Forbidden Voices (Original Mix) (FL Studio Remake);FLPFamily;-;False;380;20;0;2;23/01/2016;0
BYNON & Domeno Feat. Alice Berg - Golden Hearts (Dannic Edit) (FL Studio Remake );FLPFamily;-;False;399;26;0;4;23/01/2016;0
Martin Garrix - I Am Happy (Remake FLP);FLPFamily;-;False;686;44;0;4;23/01/2016;0
Row Rocka - Kingwood (Remake FLP);FLPFamily;-;False;472;16;0;1;23/01/2016;0
W&W - Rave After Rave (Original Mix) (FL Studio Remake);FLPFamily;-;False;391;47;0;2;23/01/2016;1
FL Studio Remake: Hardwell feat. Harrison - Sally + FLP;FLPFamily;-;False;380;27;0;5;23/01/2016;0
Tiësto & KSHMR - Secrets (Original Mix) (FL Studio Remake);FLPFamily;-;False;521;74;0;3;23/01/2016;0
FL Studio Remake: Tony Junior - Suckerpunch;FLPFamily;-;False;433;30;0;4;23/01/2016;0
FLVT0 - Classic (Original Mix) Project;FLVT0;-;False;2288;152;0;25;23/01/2015;7
FLVT0 - Transition (Let's Rock);FLVT0;-;False;494;22;0;3;23/01/2016;0
Martin Garrix & Tiesto - The Only Way Is Up (Fomil Remake);fomil;-;False;8444;952;0;72;23/01/2015;9
Borgeous & Ryos - Machi (Fomil Remake);fomil;-;False;3431;202;0;27;23/01/2016;1
Fomil - Simple Essence (Drop);fomil;-;False;1400;60;0;7;23/01/2016;0
Jay Hardway - Wake Up (Fomil Remake);fomil;-;False;124;9;0;4;25/08/2017;0
Jay Hardway - Electric Elephants (Fomil Remake);fomil;-;False;217;22;0;5;25/08/2017;0
Fomil Sounds for Sylenth1 Demo;fomil;-;False;305;18;0;6;25/08/2017;0
Volt & State - Sandcastles (Fomil Remake);fomil;-;False;163;11;0;4;25/08/2017;0
Sebastian Ingrosso - Dark River (Fomil Remake);fomil;-;False;226;12;0;5;25/08/2017;0
Hardwell - Make The World Ours (Fomil Remake);fomil;-;False;127;11;0;3;25/08/2017;0
DubVision - Heart (Fomil Remake);fomil;-;False;147;9;0;2;25/08/2017;0
Nicky Romero - Novell (Fomil Full Remake);fomil;-;False;493;42;0;8;25/08/2017;0
Fox Stevenson High Five!;foxstevenson;brett;False;10778;1301;0;181;23/01/2015;12
love trap step idea;FrankJavCee;-;False;1411;114;0;16;23/01/2015;4
Love Trap Idea part two;FrankJavCee;-;False;234;19;0;5;23/01/2015;0
Love Trap Idea part three its the same track but only 3er;FrankJavCee;-;False;1585;314;1;26;23/01/2015;1
diffuse;fredoge;-;False;519;15;0;4;23/11/2017;0
flute shit;fredoge;-;False;1002;43;0;9;23/12/2017;0
bounce;fredoge;-;False;665;22;0;4;23/12/2017;0
flute and piano shit;fredoge;-;False;273;11;0;3;23/12/2017;0
new wave;fredoge;-;False;1641;103;1;14;28/12/2017;1
haunting;fredoge;-;False;627;28;0;6;29/12/2017;0
drowsy (pm me if you want to collab!);fredoge;-;False;56;2;0;0;20/01/2018;0
"wip ""haunter"" (pm for collab!)";fredoge;-;False;24;0;0;0;21/01/2018;0
wip gastly (pm for collabs);fredoge;-;False;20;1;0;0;22/01/2018;0
Free Ableton Live Template;FreeAbletonTemplates;-;False;1476;157;0;13;27/05/2017;0
Free Future House Ableton Live Project;FreeAbletonTemplates;-;False;2164;209;0;17;27/05/2017;0
Free EDM Ableton Template;FreeAbletonTemplates;-;False;602;112;0;4;27/05/2017;0
Free Ableton Mastering Template;FreeAbletonTemplates;-;False;319;60;0;5;27/05/2017;0
Arcadia (FullFlex Remix);fullflex;-;False;621;33;0;1;23/01/2015;1
Bro Safari's Work In Progress;fullflex;brosafari;False;272;7;0;0;23/01/2015;0
Bro Safari's Work In Progress;fullflex;brosafari;False;650;33;0;7;23/01/2015;0
Shat 3B;fuzuku;-;False;275;12;1;0;23/01/2014;6
Sinister Wave Andy meets Fuzuku (Remix) 5;fuzuku;andy;False;89;3;0;0;23/01/2014;0
Sinister Wave Andy meets Fuzuku (Remix) 5;fuzuku;andy;False;262;2;0;0;23/01/2014;0
insto breaks;fuzuku;andy;False;76;3;0;0;23/01/2014;4
FrequenC - Minimal Dub Feels;fuzuku;-;False;144;6;0;6;23/01/2014;0
Cyclop 2 mix a lot Flatten;fuzuku;andy;False;228;2;0;0;23/01/2015;0
Gorillaz - Stop The Dams (Gadpix remake);Gadpix;-;False;549;3;0;1;23/01/2015;0
Gadpix - Angry Gypsy;Gadpix;-;False;255;3;0;2;23/01/2015;0
Gadpix - Angry Gypsy (Preview);Gadpix;-;False;296;8;0;1;23/01/2016;3
Gadpix - NuméroBis (Original Mix);Gadpix;-;False;378;10;0;3;23/01/2016;0
Gadpix - Sous les coco (Original Mix);Gadpix;-;False;310;5;0;3;23/01/2016;0
Flyng;Gadpix;-;False;77;2;0;2;24/10/2017;0
ambient (collecting dust);ganjie;-;False;380;11;0;3;23/01/2016;0
Martini;ganjie;-;False;315;3;0;0;23/01/2016;0
I Just Wanna;ganjie;-;False;301;2;0;1;23/01/2016;0
Groovy;ganjie;-;False;323;14;1;4;23/01/2015;2
techoust;ganjie;-;False;419;10;0;3;23/01/2015;2
Move to the Groove;ganjie;-;False;490;16;0;5;23/01/2015;3
We are the Illusion;ganjie;-;False;264;5;0;3;23/01/2015;2
Not to Deep, house;ganjie;-;FALSE;2535;151;2;19;23/01/2015;9
wanna colab;ganjie;-;False;365;3;0;2;23/01/2015;1
Metallic House from the Future;ganjie;-;False;492;3;0;2;23/01/2015;3
Lets Get Wierd;ganjie;-;False;153;3;0;3;23/01/2015;1
Found My Way;ganjie;-;False;340;11;0;9;23/01/2016;0
Windows 95 startup;getyoursnackon;-;False;13647;352;0;61;23/01/2015;4
messenger sounds_2;getyoursnackon;-;False;604;70;0;6;23/01/2015;0
rickroll;getyoursnackon;-;False;1532;484;0;23;23/01/2015;2
We Own The Night lead;getyoursnackon;-;False;961;225;0;9;23/01/2015;2
The Thing;goyama;youngtrane-marsattacks-gvsbeatbox;False;2091;89;0;22;23/01/2015;12
LA collab 4-9-2014;greaterthanzero;mattetti-joshspoon-spencer_allen-neil-adamflorin;False;96;4;0;0;23/01/2014;2
seven four collab one;greaterthanzero;joshspoon-neil-adamflorin-sanderowen-simbalic-kytrinyx-justinasher;False;95;1;0;0;23/01/2014;0
Carrots and Sticks;greaterthanzero;joshspoon-whqles-5ammusic-sydeshow;False;51;3;0;1;23/01/2015;1
Haywyre - Work in Progress;haywyre;-;False;21686;1769;7;261;23/01/2015;18
Henry Fong & J-Trick - Scream (Original Mix);henryfong;jtrick;False;188455;15148;2;1527;23/01/2015;145
RELAX;hiko;seap-adamflorin-markokoh-moongiia;False;18;0;0;0;23/01/2015;0
Squirrel;human_machine;spencer_allen-finitedeer;False;47;0;0;0;24/09/2017;0
Cat and Fiddle;human_machine;spencer_allen-finitedeer;False;52;0;0;0;24/09/2017;0
Poosh in the Boosh;human_machine;spencer_allen-finitedeer;False;53;0;0;0;24/09/2017;0
Bunny Teeth;human_machine;spencer_allen-finitedeer;False;70;1;0;0;24/09/2017;0
Ice African;icebraker;-;False;315;7;0;5;23/01/2015;5
Tribal Funk;icebraker;-;False;852;10;0;7;23/01/2015;1
STASH2STASH (Icebraker Single feat. Uncle Urkel);icebraker;-;False;326;3;0;1;23/01/2015;0
Jwr - The Last Drive (Icebraker Remix);icebraker;-;False;304;6;0;4;23/01/2015;4
Legitimize Experiment;icebraker;-;False;649;17;0;2;23/01/2015;3
Ajuni;icebraker;wiplo;False;210;2;0;4;23/01/2015;3
Gumdrops;IScreamedWolf;feewet;False;202;8;0;2;23/01/2016;0
Jersey;ivvn;leukos;False;10;5;0;0;23/01/2015;0
Jersey;ivvn;leukos;False;9;8;0;0;23/01/2015;0
Decibel Musical Shares;ivvn;-;False;3;3;2;0;23/01/2015;0
Ain't No Tellin' (Prod. by Jaae Kash);JaaeKashProduktions;-;False;999;60;0;7;02/01/2018;0
J roc's rap work;jacob_hall_420_cg;-;False;164;3;0;2;22/01/2017;0
Jauz - Goodies Open Project;jauz;brett;False;22899;4528;0;382;22/01/2017;25
Rap Project;Jaxx_Styles;-;False;855;28;0;2;26/06/2017;0
Heathens (Orchestral Edit);Jaxx_Styles;-;False;217;23;0;4;24/09/2017;0
Rap Project #2;Jaxx_Styles;-;False;1162;43;0;2;23/11/2017;0
Weed Smoking Cronies;jeffreyemilio;wiplo-dadewoyin-ViKO;False;114;0;0;1;23/01/2015;0
Round 3 - Julian Gray - Collab Alliance;jgfresh1997;-;False;274;26;0;6;22/01/2017;1
Ableton Live Intro Project - Revision 1;jgfresh1997;-;False;237;28;1;0;22/01/2017;0
SPLICE TEAM 1;jinks;themetabeing-phiunit-cousincole;False;425;29;0;0;23/01/2014;1
THIR$TY;jinks;-;False;1477;78;1;5;23/01/2014;4
Figure & Dirty Deeds - Creature from the Black Lagoon (JINKS Remix);jinks;-;False;3711;251;0;43;23/01/2015;1
JINKS - BADLANDS // Welcome to Dystopia;jinks;-;False;129;7;0;2;23/01/2016;0
JINKS - EXILE // Welcome To Dystopia;jinks;-;False;114;6;0;1;23/01/2016;0
JINKS - BOOMTOWN // Welcome To Dystopia;jinks;-;False;321;12;0;6;23/01/2016;0
Fantasia;johngutowski;-;False;457;27;0;12;23/01/2015;7
Meiko;johngutowski;brett-croe-phiunit-neil-marsattacks-s4rus-shines-seanmcverry-thoumaestro-galactronics-acemo-willmcneilly-jakubciupinski;False;539;19;0;16;23/01/2015;9
Pearls;johngutowski;-;False;153;6;0;5;23/01/2015;4
Collab Alliance - Season 1 Episode 5 (JohnMiller);JohnMillerProductions;kjsawka-multiplier-mrbillstunes-jgfresh1997-slynk-seamlessr-tomcosm;False;2791;70;1;17;22/01/2017;2
Sudden Feeling;Joinas2;bretsil;False;157;8;0;6;25/08/2017;0
The Sequence;Joinas2;-;False;119;5;0;5;25/08/2017;0
The Joy of Racks - HAAS Rack;joshspoon;marsattacks;False;1179;42;0;2;23/01/2015;4
Alright Alright Alright;joshspoon;greaterthanzero-whqles-5ammusic-sydeshow;False;42;1;0;1;23/01/2015;1
VolumeShaper 3 Demo;jtrick;-;False;6420;248;0;46;23/01/2015;4
Let Go;juronomo;-;False;677;56;0;11;23/01/2014;9
Fantasia - Kiinetiic X Juronomo;juronomo;-;False;714;40;0;10;23/01/2015;3
Coldplay - Every Teardrop is a Waterfall (Exploratio X Juronomo Remix);juronomo;exploratio;False;1595;96;0;21;23/01/2015;1
Chase and Status - Time (Exploratio X Juronomo Remix);juronomo;exploratio;False;5998;316;1;52;23/01/2015;9
[WIP] Whip That Hair (Exploratio X Juronomo);juronomo;exploratio;False;1918;71;0;31;23/01/2015;8
3lau - How You Love Me (Exploratio X Juronomo Remix);juronomo;exploratio;False;1629;80;0;25;23/01/2015;5
A Random Banger (Version 2);juronomo;-;False;2498;108;0;24;23/01/2015;6
Juronomo & Specific Islander - Get Up;juronomo;-;False;2179;153;0;27;23/01/2015;8
Sampling Chords;juronomo;marsattacks;False;2414;156;0;22;23/01/2015;10
Hive Mind;juronomo;-;False;703;33;0;19;23/01/2015;6
Mission to Europa;juronomo;-;False;589;32;0;5;23/01/2015;5
Hard Bard;juronomo;-;False;3437;127;0;33;23/01/2015;15
SobbinBlues;justinasher;joshspoon-neil-adamflorin-sanderowen-simbalic;False;135;7;0;0;23/01/2014;2
Kavii - Mercury Future Bass Ableton Live 9 Project;Kavii;-;False;3046;266;0;24;22/01/2017;0
The Chainsmokers - Closer (AAS REMAKE);Kavii;-;False;3245;323;0;27;26/06/2017;0
KHALS - Void (Original Mix);Khals;-;False;1872;44;0;7;23/01/2015;1
Knife Party - Fire Hive (KHALS);Khals;-;False;6342;333;0;40;23/01/2015;5
KHALS-TSUNAMI 2;Khals;-;False;267;12;0;2;23/01/2015;1
Martin Garrix & Tiësto - The Only Way Is Up (KHALS);Khals;-;False;2524;139;0;15;23/01/2015;2
Sonder (Original Mix);killerkrazzy;-;False;1601;178;0;29;23/01/2016;2
KJ Sawka Monster Feat. Emilia Sosa;kjsawka;-;False;399;18;0;7;27/04/2017;2
KJ Sawka - Running Away Feat. Emilia Sosa Session;kjsawka;-;False;202;13;0;7;27/04/2017;3
KJ SAWKA 40x40x40 Demo song (Wild Fire);kjsawka;-;False;24;16;0;0;23/01/2014;0
KJ SAWKA 40x40x40 Demo song (Wild Fire);kjsawka;-;False;344;14;0;1;23/01/2014;0
KJ SAWKA 40x40x40 Demo song (Wild Fire);kjsawka;-;False;301;8;0;0;23/01/2014;0
KJ SAWKA 40x40x40 Demo song (Wild Fire);kjsawka;-;False;344;20;0;0;23/01/2014;0
KJ SAWKA 40x40x40 Demo song (Wild Fire);kjsawka;-;False;4552;693;5;15;23/01/2014;16
KJ SAWKA 40x40x40 Sample Pack;kjsawka;-;False;1833;291;0;12;23/01/2014;0
KJ SAWKA 40x40x40 Demo song (Wild Fire);kjsawka;-;False;13414;644;0;83;23/01/2015;13
Collab Alliance KJ Turn;kjsawka;-;False;195;16;1;8;22/01/2017;0
KJ Sawka The Time Has Come Session;kjsawka;-;False;8070;486;0;111;22/01/2017;11
KJ Sawka - Face Crack Session;kjsawka;-;False;300;33;0;10;28/03/2017;1
Wes Walker & Dyl - Jordan Belfort (Komodo Trap Remix);Komodo;-;False;183;7;0;4;23/01/2016;0
The Chainsmokers - Roses (Full FL Studio Remake);Komodo;-;False;9958;835;0;77;23/01/2016;2
The Chainsmokers - Don't Let Me Down (Full FL Studio Remake);Komodo;-;False;7854;868;0;78;23/01/2016;6
KSHMR - Wildcard (Mesto Style - Template to Follow);Komodo;-;False;478;29;0;9;23/01/2016;2
Justin Bieber - What Do You Mean [Unofficial Stems From My Remake];Komodo;-;False;1583;211;0;9;22/01/2017;7
Curbi - Triple Six;Komodo;-;False;888;70;0;12;22/01/2017;0
Yellow vs. Don't Let Me Down (The Chainsmokers Mashup) [KUSA Reboot];Komodo;-;False;451;40;0;8;22/01/2017;0
Justin Bieber - What Do You Mean [Full FL Studio Remake];Komodo;-;False;1668;156;0;15;22/01/2017;0
Porter Robinson - Flicker Unofficial Stems (Download in Description);Komodo;-;False;476;66;0;4;22/01/2017;0
Can't Fight Love Yourself (KUSA Mashup) - DJ Snake x Justin Bieber x Quintino x Cheat Codes;Komodo;-;False;184;17;0;3;22/01/2017;0
KUSA Christmas Mashup Pack;Komodo;-;False;248;9;0;3;22/01/2017;0
Moksha (FL Studio Template - Coming Soon - KSHMR Style);Komodo;-;False;203;7;0;0;22/01/2017;0
The Chainsmokers - Something Just Like This Drop Stems;Komodo;-;False;7472;817;1;39;22/01/2017;0
I Shelter Small Sins (KUSA Mashup) - Porter Robinson x Madeon x Panic At The Disco x Blink-182;Komodo;-;False;274;15;0;9;27/04/2017;0
Future - Mask Off (FL Studio Full Remake + Stems);Komodo;-;False;5988;704;0;55;26/07/2017;7
Fall Apart - For Splice;krane;-;False;25643;5453;5;319;22/01/2017;34
graves & KRANE - Spells feat. Blake Skowron (Ableton Live Project);krane;wearegraves;False;52428;21802;5;731;28/03/2017;228
KSHMR & DallasK - Burn;kshmr;dallask;False;108295;14367;6;1482;23/01/2015;72
KSHMR & Bassjackers ft. Sirah - Memories (Drop);kshmr;Bassjackers;False;71125;9958;4;670;23/01/2016;31
Touch (VIP Remix);kshmr;-;False;37368;5271;5;475;23/01/2016;22
Sounds of KSHMR Vol. 2 (Ableton);kshmr;-;False;23282;3048;2;259;23/01/2016;12
Symphony - Hybrid Serum Soundset;kshmr;-;False;11282;853;0;134;26/06/2017;8
Remix Request;laylae;themetabeing-danibosco;False;156;13;0;0;23/01/2014;0
Jupiter;LeglessBoxer;-;False;155;4;0;2;23/01/2015;0
Love's Trap;LeglessBoxer;-;False;710;39;0;6;23/01/2016;3
Nanu Nanu - Pocket of Gold (LeglessBoxer's Remix);LeglessBoxer;-;False;282;2;0;2;23/01/2016;0
Rave;leshouze;kshmr;False;13642;747;0;134;23/01/2015;8
Sequence (Original Mix) [OLD];lockyn;-;False;197;27;0;7;23/01/2015;6
LONGBOARDGREEN-WHATHESAIDNIGGA;LONGBOARDGREEN;-;False;52;0;0;0;23/11/2017;0
LONGBOARDGREEN-BONELESSPIZZA;LONGBOARDGREEN;-;False;34;0;0;1;23/11/2017;0
LONGBOARDGREEN-KEEPFAITHINURSELF;LONGBOARDGREEN;-;False;12;0;0;0;23/11/2017;0
LONGBOARDGREEN-STORMYTHOUGHTS;LONGBOARDGREEN;-;False;19;0;0;0;23/11/2017;0
Splice 2;lustalife;capcom-splicenyc;False;1;2;0;0;23/01/2015;0
Pala - Lift Off (Lyzn Line Remix);Lyzn-Line;PALAsoundstudio;False;434;16;0;7;24/09/2017;2
Pala - Locked Down (Lyzn Line Remix);Lyzn-Line;PALAsoundstudio;False;1067;37;0;12;24/09/2017;0
Baby's First Hit;lzax;-;False;251;2;0;1;22/01/2017;0
Carly Rae Jepsen - I Really Like You (Robbie Searles Cover);m3t1;-;False;118;2;0;2;23/01/2016;0
Ariana Grande - Break Free (Robbie Searles & Indigo Lani Cover);m3t1;-;False;280;5;0;0;23/01/2016;0
Shawn Mendes - Stitches (Metal Cover ft. Indigo Lani);m3t1;-;False;491;39;0;4;23/01/2016;1
Slipknot - People=Shit/Disasterpiece (Cover);m3t1;-;False;349;34;0;2;22/01/2017;0
That Poppy - Lowlife (Metal/Djent Cover ft. Indigo Lani);m3t1;-;False;558;44;0;4;22/01/2017;0
I, The Creator Cover;m3t1;-;FALSE;89;5;0;1;23/01/2015;0
Crossing Field Cover;m3t1;-;False;175;12;0;6;23/01/2015;0
Cursing Akhenaten Cover;m3t1;-;False;512;30;0;7;23/01/2016;0
face de bouc;m4m;-;False;2;0;0;0;08/01/2018;0
noel 2017;m4m;-;False;4;0;0;0;08/01/2018;0
doom drone;m4m;-;False;2;0;0;1;08/01/2018;0
jizzblaster;m4m;-;False;2;0;0;0;08/01/2018;0
voodoo sunday;m4m;-;False;3;0;0;0;08/01/2018;0
nirvanesque;m4m;-;False;7;0;0;0;08/01/2018;0
sleeping sun;m4m;-;False;6;0;0;0;08/01/2018;0
slow and low;m4m;-;False;7;0;0;0;08/01/2018;0
drone o 1 iphone;m4m;-;False;6;0;0;0;08/01/2018;0
prog;m4m;-;False;13;0;0;0;08/01/2018;0
dronetest;m4m;-;False;12;0;0;0;08/01/2018;0
garbage;m4m;-;False;29;0;0;0;08/01/2018;0
metaux;m4m;-;False;31;1;0;0;08/01/2018;0
snowpocalypse II;m4m;-;False;46;0;1;0;14/01/2018;0
The Weeknd - Prisoner Ft. Lana Del Rey (WØHL Flip);Maidden;Daitshi;False;5447;380;0;67;23/01/2016;1
Calvin Harris - Outside ft. Ellie Goulding (Maidden Remix);Maidden;-;False;1800;88;0;24;23/01/2016;1
Rain Man Feat. OLY - Bring Back The Summer (LZRD & Maidden Remix);Maidden;-;False;1781;208;0;40;23/01/2016;1
Faith;markokoh;seap-adamflorin-moongiia-hiko;False;35;0;0;0;23/01/2015;0
DancehallToMars;marsattacks;dadewoyin-jeffreyemilio-ViKO;False;252;2;0;1;23/01/2015;2
Spliced Experiment;marsattacks;-;False;145;9;0;0;23/01/2015;0
Spliced MIDI Challenge;marsattacks;-;False;122;13;0;0;23/01/2015;0
new bigroom track open for colab;martintime;-;False;617;15;0;3;23/01/2015;0
Martin Time Vs. Fifth Harmony Ft. Kid Ink - Worth It (Martin Time Moombah Remix);martintime;-;False;724;52;0;6;23/01/2016;0
dikke shit ouwe;martintime;-;False;209;2;0;0;23/01/2016;0
My ABLETON default starting Template;martintime;-;False;271;32;0;1;23/01/2016;0
The EDM Colaboration Project;martintime;-;False;291;3;0;1;24/10/2017;0
Untitled Project (1);MatiasApril;-;False;67;1;0;2;23/01/2016;0
Matias April - Beautiful Black (*DROP*);MatiasApril;fomil;False;595;8;0;2;23/01/2016;0
Matias April - Beautiful Black (Original mix);MatiasApril;-;False;236;7;0;2;23/01/2016;1
Martin Garrix - Poison (Matias April remake);MatiasApril;-;False;347;11;0;2;23/01/2016;0
apr-09;mattetti;greaterthanzero-joshspoon-spencer_allen-neil-adamflorin;False;121;2;0;0;23/01/2014;2
ke;mattetti;katrinaowen;False;250;9;1;1;23/01/2014;1
Hackathon;matth;themetabeing-endlessspace-andy-dysrupt;False;95;3;0;0;23/01/2014;0
Meeshanth & Maxwatts GPS LOL;maxwatts;meeshanth;False;206;1;0;0;22/01/2017;0
MAKE THIS SONG EDM;meeshanth;-;False;2429;160;4;28;24/09/2017;5
2:35am;mikhail;-;False;149;5;0;1;23/01/2015;0
the edge;mikhail;-;False;668;40;0;8;23/01/2015;2
VOID;mikhail;-;False;329;9;0;5;23/01/2016;0
bleep bleep;mikhail;-;False;1110;16;1;3;23/01/2016;0
denial;mikhail;-;False;766;49;0;6;23/01/2016;0
Eivissa;mikhail;arewholee;False;1084;110;1;27;23/01/2016;0
sdfdsa;mimart;-;False;57;1;0;3;23/01/2015;3
kjhsfdjshkfj;mimart;-;False;24;0;0;0;23/01/2016;0
kjhsfdjshkfj;mimart;-;False;38;0;0;0;23/01/2016;0
Moby - Like A Motherless Child;moby;-;False;9956;929;7;73;05/01/2018;28
automatixxxx;MoervinUrban;-;False;161;6;0;2;22/01/2017;0
1702#2;MoervinUrban;-;False;217;13;0;7;22/01/2017;0
hard tech #43;MoervinUrban;-;False;319;27;0;4;28/03/2017;0
511;MoervinUrban;-;False;316;4;0;4;24/10/2017;0
HORIZON;MoervinUrban;-;False;423;6;0;3;23/11/2017;0
DIS IS RIDDDDDIMM;MoervinUrban;-;False;318;14;0;2;23/11/2017;0
DEEP HOUSE BOOTLEG MASHUP KONGOOO;MoervinUrban;-;False;195;7;0;3;23/11/2017;0
Trap is cancer;MoervinUrban;-;False;1187;71;0;11;23/12/2017;1
trompetenscheiss #2;MoervinUrban;-;False;91;1;0;0;23/12/2017;0
I WOULD RUN UPONDEM (Hybrid Trap);MoervinUrban;-;False;138;3;0;1;03/01/2018;0
trap is cancer #3;MoervinUrban;-;False;145;4;0;1;16/01/2018;0
Dark Splice Nights;moongiia;seap-adamflorin-markokoh-hiko;False;180;3;0;3;23/01/2015;0
Dark Splice Nights;moongiia;seap-adamflorin-markokoh-hiko;False;327;4;0;4;23/01/2015;0
Saber;Moonlapse;-;False;613;23;0;8;23/01/2015;3
Open Heart ft Lissie;morganpage;-;False;10694;1116;2;132;23/01/2015;12
Alonso Morgan Page Spire Soundset (Song Demo);morganpage;brett-alonsosound;False;657;48;0;6;23/01/2016;1
Learn with Splice: Ultrabeat Sequencer;mpigsley;youngtrane-marsattacks;False;322;28;0;1;23/01/2015;0
Learn with Splice: Ultrabeat Kick Synthesis;mpigsley;youngtrane-marsattacks;False;171;15;0;0;23/01/2015;0
Learn with Splice: Ultrabeat Snare Synthesis;mpigsley;youngtrane-marsattacks;False;201;7;0;0;23/01/2015;0
Deck The Halls (Mr. Bill ReInterpretation);mrbillstunes;brett;False;3042;144;0;24;23/01/2015;1
Part 1 - Resampling;mrbillstunes;brett;False;1144;201;0;20;23/01/2015;1
Part 2 - Audio Editing & Manipulation;mrbillstunes;brett;False;503;150;0;11;23/01/2015;0
Part 3 - Orgasation, Sound Design vs Arrangement Sessions & Final Editing;mrbillstunes;brett;FALSE;730;173;0;14;23/01/2015;0
Collab Alliance - Session 1 (Mr. Bill);mrbillstunes;multiplier-jgfresh1997-slynk;False;728;80;0;8;23/01/2016;1
Mr. Bill & Circuit Bent - Midichondria;mrbillstunes;CircuitBent;False;8710;532;1;57;22/01/2017;7
next level beat [The Collab Project];multiplier;-;False;520;27;0;3;23/01/2016;0
serum bass [The Collab Project];multiplier;-;False;471;19;0;2;23/01/2016;0
for lack of a kick drum [The Collab Project];multiplier;-;False;359;3;0;1;23/01/2016;0
Tropical House [The Collab Project];multiplier;-;False;795;18;0;6;23/01/2016;0
Twerk Beat [The Collab Project];multiplier;-;False;627;19;0;3;23/01/2016;0
Schrute [The Collab Project];multiplier;-;False;462;11;0;2;23/01/2016;0
Aggro Beat [The Collab Project];multiplier;-;False;755;46;0;6;23/01/2016;0
This Right Here [The Collab Project];multiplier;-;False;661;21;0;3;23/01/2016;2
Carnival Rave [The Collab Project];multiplier;-;False;2417;80;0;10;23/01/2016;1
Airplane Beat [The Collab Project];multiplier;-;False;1315;49;0;12;23/01/2016;0
moombah [The Collab Project];multiplier;-;False;1376;37;0;2;23/01/2016;2
CircusMusik [The Collab Project];multiplier;-;False;1549;55;0;10;23/01/2016;0
Collab Alliance - Session 1 Episode 3 (Multiplier);multiplier;-;False;941;33;0;2;23/01/2016;2
Neso - When I'm With You (Free Download on SOUNDCLOUD);N3S0;-;False;4058;198;1;55;27/04/2017;1
RYDER - Pretty Little Gangster (Neso remix);N3S0;-;False;630;39;0;10;27/05/2017;0
Neso - Ballerina;N3S0;-;False;507;49;0;9;27/05/2017;0
Desirée Dawson - Wild Heart (Neso Remix);N3S0;-;False;390;13;0;2;26/06/2017;0
Neso - Only U;N3S0;-;False;4467;352;0;55;24/09/2017;1
Nathonisme - My Time;Nathonisme;-;False;39;0;0;1;25/08/2017;0
KSHMR, JDG, Mariana Bo - Kolkata (Nathonisme Remix);Nathonisme;-;FALSE;82;2;0;2;24/09/2017;0
Nathonisme - Fantastic Festival;Nathonisme;-;False;30;0;0;1;24/10/2017;0
Alan Walker - All Falls Down (feat Noah Cyrus and Digital Farm Animals) (Nathonisme and Mahditer Remix);Nathonisme;-;False;57;5;0;2;23/11/2017;0
Pay the Piper;nebyoolae;gato007-septacom-Rockin_Rusty;False;317;3;0;0;22/01/2017;0
Get Ready;neil;mattetti-greaterthanzero-joshspoon-spencer_allen-adamflorin;False;117;5;0;0;23/01/2014;4
Blank project;neil;-;False;8;1;0;0;23/01/2015;0
wednesday;nickgordon;mattetti-aylen-brett-sneamonitakis;False;0;3;0;0;23/01/2014;1
Polyester;notoriousb;ruidasilva-amentia-armenio;False;127;4;0;3;23/01/2015;3
Nitro Fun - Fading Away (Ocean Rift Remix);OceanRift;-;False;105;3;0;0;23/01/2016;0
Julia Lös & Omega9 - I Carry Your Heart With Me;omega9;-;False;106;3;1;1;23/01/2016;0
Calvin Harris-Outside-Hopewell Progressive House Remix;omid;hardwell-dashberlin-calvinharris;False;462;11;0;2;23/01/2015;0
Felix Cartal- Ready For Love (Chill Remix);omid;-;False;212;2;0;0;23/01/2015;0
need somebody to collab;othim;-;False;111;3;0;0;23/01/2016;0
Atlantis;othim;-;False;97;2;0;1;23/01/2016;0
Somthing i made a long time ago ._.;othim;-;False;211;5;0;3;23/01/2016;0
Collab wanted :3;othim;-;False;338;18;0;5;22/01/2017;2
Bridgit Mendler - Atlantis (Lucien rmx);othim;-;False;127;14;0;0;22/01/2017;0
Hello Splice;OtovDohued;-;False;525;6;0;12;25/08/2017;32
Nobody Else;PALAsoundstudio;-;False;2844;168;5;37;26/06/2017;17
Stay Over;PALAsoundstudio;-;False;2334;118;0;36;26/06/2017;8
Not Broken;PALAsoundstudio;-;False;2892;202;1;46;26/06/2017;9
Invincible - PALA;PALAsoundstudio;-;False;2220;89;1;29;26/06/2017;3
Lift Off - PALA;PALAsoundstudio;-;False;4376;205;1;40;26/07/2017;11
Locked Down;PALAsoundstudio;-;False;7825;531;2;106;26/07/2017;6
Just Talk;PALAsoundstudio;-;False;3875;205;1;50;25/08/2017;5
Inside, The Rhythm (Full Tracks + Stems);panicbomber;-;FALSE;6748;53;0;17;23/01/2015;2
Sine Trip (Sketch);paulzzz;-;False;61;2;0;1;23/01/2015;1
Pegboard Nerds - End Is Near (Stems);pegboardnerds;-;False;12573;2623;3;294;23/01/2016;11
Pegboard Nerds - Downhearted (Stems);pegboardnerds;-;False;9609;1677;2;159;23/01/2016;13
Pegboard Nerds - Just Like That (Stems);pegboardnerds;-;False;12412;1999;3;183;23/01/2016;7
Pegboard Nerds - Emoji (Stems);pegboardnerds;-;False;11041;2260;3;182;23/01/2016;6
Pegboard Nerds - Pink Cloud (Stems);pegboardnerds;-;False;5156;1061;0;96;23/01/2016;5
Pegboard Nerds & NGHTMRE - Superstar (Feat. Krewella);pegboardnerds;nghtmre;False;23010;5278;0;370;22/01/2017;30
Burt Fonix;phiunit;burtfox;False;73;4;1;3;23/01/2015;0
OKAYYYYYYY;phiunit;duckhunter-brett-croe-johngutowski-s4rus;False;116;2;0;2;23/01/2015;0
musical shares feb 26th;phiunit;themetabeing-cousincole-jinks;False;69;3;0;0;23/01/2014;0
dumbo riddim;phiunit;brett-cainenovak;False;187;6;0;0;23/01/2014;1
Calvin Harris Pluck;piXXelOfficial;-;False;4772;134;0;21;23/01/2016;1
Progressive House Drop;piXXelOfficial;-;False;7367;163;1;29;23/01/2016;2
Epic Werewolf;piXXelOfficial;-;False;269;4;0;1;23/01/2016;0
piXXel - Blue Sky;piXXelOfficial;-;False;2772;132;2;27;23/01/2016;1
piXXel - ID (Collab / Remix Contest);piXXelOfficial;-;False;4869;151;4;25;23/01/2016;5
piXXel - Forever (STEMS);piXXelOfficial;-;False;2450;133;0;15;22/01/2017;1
piXXel - Future Bass (REMIX CONTEST);piXXelOfficial;-;False;13579;650;0;68;22/01/2017;19
piXXel - Armageddon (STEMS);piXXelOfficial;-;False;13881;313;1;57;27/04/2017;8
pretty girls;piXXelOfficial;-;False;7734;269;2;42;24/10/2017;7
Stache Commander for SPLICE;professor_bombay;andy;False;69;6;1;1;23/01/2015;2
Generic MPC beat;professor_bombay;andy;False;198;5;0;3;23/01/2015;0
Welcome Back to the Machine;professor_bombay;andy;False;65;0;0;1;23/01/2015;1
Intensify;PsychicFlash;DCMG;False;2107;37;0;4;22/01/2017;0
Impact - BLNE & DCMG-R;PsychicFlash;DCMG;False;755;14;0;6;22/01/2017;0
Redemption - BLNE;PsychicFlash;-;False;41;1;0;1;22/01/2017;0
Alan Walker - Sing Me To Sleep (BLNE & Frose Remix);PsychicFlash;AustinLoo;False;3142;181;0;39;22/01/2017;0
TheBigSneeze;qatester;-;False;139;5;1;8;23/01/2015;0
Orchestra (Trap Beat);RabiAndrew;-;False;728;18;0;8;27/04/2017;1
LIFETIME;RabiAndrew;-;False;91;2;0;2;27/04/2017;0
Elevateor;RabiAndrew;-;False;100;5;0;0;27/05/2017;1
Dark Piano Loop with Simple Beat;RabiAndrew;-;False;975;92;0;14;27/05/2017;2
They're Here (UNFINISHED);RabiAndrew;-;False;226;4;0;4;27/05/2017;3
You You You (UNFINISHED);RabiAndrew;-;False;199;4;0;2;26/06/2017;0
You You You;RabiAndrew;-;False;214;10;1;5;26/06/2017;2
Dark Rap Beat (stems included);RabiAndrew;-;False;818;47;0;7;26/06/2017;1
Going Insane;RabiAndrew;-;False;248;8;0;1;26/07/2017;0
A team Remake;RabiAndrew;-;False;226;9;0;1;26/07/2017;0
Two Trap/Dubstep Drops (NEED COLLABORATORS!!!);RabiAndrew;-;False;827;32;0;6;25/08/2017;2
LoFi Beat (Feat. Shilohdynasty);RabiAndrew;-;False;4217;225;0;49;24/09/2017;1
Its a good life (UNFINISHED#1);RabiAndrew;-;False;349;2;0;0;24/09/2017;1
Darkish Rap Beat (Work In progress);RabiAndrew;-;False;123;11;0;0;15/01/2018;0
Skrillex & Habstrakt - Chicken Soup (RALO Remix);ralo;-;False;402;51;1;7;27/05/2017;0
Luis Fonsi, Daddy Yankee - Despacito ft. Justin Bieber (RALO Remix);ralo;-;FALSE;634;87;0;4;26/06/2017;0
Splice Bot;rebase;-;False;891;43;0;6;23/01/2014;2
The Blob (Rebase Remix);rebase;mattetti;False;757;54;0;6;23/01/2014;3
Rebase - Donnie Darko;rebase;mimart-qatester;False;379;12;0;7;23/01/2015;1
Reez - Faked;Reez;-;False;298;4;0;1;23/01/2016;0
Die Antwoord - DIZ IZ WHY I'M HOT (reez remix);Reez;-;False;333;18;0;4;23/01/2016;0
Exploring D16's Sigmund;reubenraman;youngtrane-mimart-Cuttle;False;158;2;0;0;23/01/2016;0
D16 Sigmud Part 2;reubenraman;-;False;94;2;0;0;23/01/2016;0
Waves H-Delay Vocal Demo;reubenraman;-;False;2152;37;0;5;23/01/2016;0
Coming soon.... Pt. 1;REV1VEDOfficial;-;False;316;18;0;4;23/01/2015;0
Coming soon.... Pt. 2;REV1VEDOfficial;-;False;132;9;1;4;23/01/2015;5
First Song On Album Possibly (Drop);REV1VEDOfficial;-;False;321;24;2;8;23/01/2016;5
Revolvr & Bass Kleph - Mile High (Original mix);revolvr;brett-basskleph;False;24724;1883;0;268;23/01/2015;23
is this real?;rickysee;-;False;205;11;0;7;22/01/2017;0
is this real rickysee original mix;rickysee;-;False;108;7;0;1;22/01/2017;1
is this real? rickysee mix;rickysee;-;False;169;10;0;3;22/01/2017;0
night flight final;rickysee;supertoon-Maidden-Kavii;False;910;48;0;13;22/01/2017;1
"""Right Under my Nose""";rickysee;-;False;210;12;0;8;22/01/2017;0
burning building;rickysee;-;False;445;37;0;7;28/03/2017;3
burning building prof solo;rickysee;-;False;187;15;0;2;27/04/2017;0
Silly Dreams;rickysee;-;False;399;33;0;10;27/04/2017;0
SECRETS;rickysee;-;False;1431;67;0;27;27/05/2017;6
Your scars are Beautiful;rickysee;-;False;511;55;0;9;26/06/2017;0
The Darkness;rickysee;supertoon-N3S0-Chadsab100;False;528;20;0;12;26/07/2017;2
Conveniently Lost;rickysee;-;False;550;43;0;10;24/09/2017;0
livin a dream flat 1;rickysee;-;False;282;20;0;2;24/09/2017;0
FREAK;rickysee;-;False;341;21;0;3;28/12/2017;1
RicSplicer - TechnoSplice 001;ricsplicer;mattetti-mimart;False;256;13;0;1;23/01/2015;0
RicSplicer - TechnoSplice 002;ricsplicer;-;False;173;1;0;1;23/01/2015;0
RicSplicer - TechnoSplice 002;ricsplicer;-;False;5;1;0;0;23/01/2015;0
RicSplicer - TechnoSplice 002;ricsplicer;-;False;55;1;0;1;23/01/2015;0
RT;robbyt;duckhunter-iamchrisle;False;37;1;0;2;23/01/2015;0
hotpotato;robbyt;duckhunter-dmillz-phiunit-adamcollins;False;30;3;0;0;23/01/2014;0
Orange - ROYLE;ROYLE;-;False;2350;48;0;8;24/10/2017;0
shhh - ROYLE;ROYLE;-;False;1046;9;0;6;24/10/2017;0
30k! - ROYLE;ROYLE;-;False;1508;15;0;10;24/10/2017;0
Techno heaven - ROYLE;ROYLE;-;False;435;16;0;7;23/11/2017;1
Red - ROYLE;ROYLE;-;False;214;2;0;4;23/11/2017;1
Fire Up - Instrumental Mix - ROYLE;ROYLE;-;False;116;5;0;4;23/12/2017;0
Fire Up - ROYLE - Original Mix;ROYLE;-;False;227;7;0;7;23/12/2017;0
EDM thingy;ROYLE;-;False;3533;161;0;17;23/12/2017;4
Best of ROYLE - 2017 - Year mix;ROYLE;-;False;146;0;0;5;23/12/2017;0
Take me Away - Martin Time & ROYLE;ROYLE;martintime;False;1912;61;0;16;02/01/2018;4
Aviciim - ROYLE;ROYLE;-;False;413;3;0;7;09/01/2018;1
awsemeomsoms wip;ROYLE;-;False;430;2;0;3;19/01/2018;1
TOBU Style track - (ROBU) w/ stems;ROYLE;-;False;405;0;0;4;20/01/2018;2
Before Waking (E. Hein Remix);rprecht;-;False;182;2;0;0;23/11/2017;0
Cityscape (Ethan Hein Remix);rprecht;-;False;117;1;0;0;26/07/2017;0
Benny Carter Etude (Ethan Hein Remix);rprecht;-;False;164;0;0;2;26/07/2017;0
Reminiscence (Ethan Hein Remix);rprecht;-;False;174;5;0;0;25/08/2017;0
Bulgarian Voices Mix (Ethan Hein Remix);rprecht;-;False;148;3;0;1;24/09/2017;0
New York at Night (Ethan Hein Remix);rprecht;-;False;168;1;0;1;24/09/2017;0
Confection;rprecht;-;False;96;4;1;2;24/10/2017;0
Ping;rprecht;-;False;94;1;0;0;24/10/2017;0
Tune;rprecht;-;False;108;0;0;0;24/10/2017;0
Arriving;rprecht;-;False;109;2;1;0;24/10/2017;0
Chimes;rprecht;-;False;102;0;0;0;24/10/2017;0
Chimes (Remastered);rprecht;-;False;117;2;0;0;24/10/2017;0
Gospel Song (Original Mix);rprecht;-;False;132;2;0;0;23/11/2017;0
Event Horizon Missing Beats Remix;ruidasilva;-;False;3081;208;0;41;23/01/2015;12
NL;rxc17;smart-mattetti-neil;False;0;6;0;0;23/01/2014;1
the_splice_meeters;sanderowen;greaterthanzero-joshspoon-adamflorin-simbalic-justinasher;False;72;1;0;0;23/01/2014;0
hold me;Satiso;-;False;2865;266;1;71;23/11/2017;2
Not Quite Bigroom;satmass;bakir;False;182;19;0;3;23/01/2015;0
For Sale (All Rights Included);satmass;-;False;244;19;0;2;23/01/2016;4
For Sale (Electro House Trap Crossover) (All Rights Included);satmass;-;False;120;5;0;2;23/01/2016;0
Spider;sbcr;-;False;6967;538;0;112;23/01/2016;7
140 15;seamlessr;-;False;556;14;1;8;23/01/2015;3
Sound Design Requests 162015;seamlessr;-;False;699;37;0;3;23/01/2015;2
SeamlessR Learn With Splice 1 Subtractive;seamlessr;-;False;2649;161;0;15;23/01/2015;2
SeamlessR Learn With Splice 2 FM;seamlessr;-;False;738;71;0;2;23/01/2015;1
SeamlessR Learn With Splice 3 Additive;seamlessr;-;False;805;63;0;5;23/01/2015;1
Splice_Event_LA_SEAP;seap;adamflorin-markokoh-moongiia-hiko;False;0;1;0;0;23/01/2015;0
Splice_Event_LA_SEAP;seap;adamflorin-markokoh-moongiia-hiko;False;36;0;0;2;23/01/2015;1
Whats Wrong With Dance Music (Steve Albini)!;sebkon;-;False;165;4;0;4;23/01/2016;2
The Underground;sedadbk;-;False;324;11;0;3;23/01/2015;0
Like Gold;sedadbk;mattetti;False;1237;58;0;18;23/01/2015;5
musical bears;sedadbk;andy-sneamonitakis-marsattacks-bakir-pony;False;187;2;0;1;23/01/2015;1
Modular demo;sedadbk;duckhunter;False;89;2;0;3;23/01/2015;3
By The Seaside;sedadbk;jaclynperrone;False;210;2;0;3;23/01/2015;3
Blue Cat Audio Plugin Demo;sedadbk;-;False;93;2;0;0;23/01/2015;1
Voxengo Demo;sedadbk;-;False;7437;35;0;8;23/01/2015;1
Advent EP;sedadbk;-;False;213;8;0;4;23/01/2015;1
Bighorse - Icarus;sedadbk;pony;False;691;25;0;3;23/01/2016;0
Too good;sedadbk;judo;False;60;1;0;0;24/10/2017;0
Wayworn (Original Mix);sevanmusic;-;False;387;26;0;8;23/01/2015;1
BigRoom Project (Collab?);sevanmusic;-;False;7777;244;0;50;23/01/2016;8
Kodaks (feat. Noah) for Splice (Un-mastered);shagabond;-;False;8441;539;1;77;22/01/2017;5
records;sitex;-;False;7283;354;0;80;22/01/2017;4
Fireshot;sitex;-;False;6736;346;0;60;22/01/2017;3
I have been up too long;sitex;-;False;5548;305;0;97;28/03/2017;5
Sometimes I'm Happy;sitex;-;False;4920;191;1;59;27/05/2017;3
Dillon Francis - Say Less (ft.G-Easy) [SITEX Remix];sitex;-;False;3421;179;0;36;26/06/2017;3
Sitex - IKR Kill Me;sitex;-;False;2355;105;0;27;26/07/2017;6
sometimes im sad;sitex;-;False;1808;60;1;15;25/08/2017;2
try me ( OPEN COLLAB);sitex;-;False;5769;137;0;29;24/10/2017;3
Probably not;sitex;-;False;3772;145;0;31;23/01/2016;1
Deadmau5 & Kaskade - I Remember (Sitex Future Bass Remix);sitex;-;False;6430;320;0;107;22/01/2017;11
Seconded OPEN COLLAB;sitex;-;False;893;48;0;9;22/01/2017;0
Post Malone - I Fall Apart (Sitex Remix)(W/STEMS);sitex;-;False;3424;210;0;41;23/11/2017;0
Sitex & Jaams - Come Back(STEMS);sitex;-;False;473;16;0;5;23/12/2017;0
Graveyard Goth;slobatch;smart-alexdgoldberg;False;13;2;0;0;23/01/2015;0
Slumberjack - RA (Stems);Slumberjack;-;False;16890;2682;3;245;22/01/2017;12
Collab Alliance - Session 1 - Episode 2 (Slynk);slynk;-;False;631;53;0;8;23/01/2016;3
Badman;smart;-;False;111;1;0;2;23/01/2015;0
rapid potato;sneakychipmonk;sedadbk-lzax;False;67;1;1;1;22/01/2017;2
Hanging Temple;sneamonitakis;-;False;425;7;0;2;23/01/2014;0
Hanging Temple;sneamonitakis;-;False;549;17;0;3;23/01/2014;0
Seussical Mares;sneamonitakis;barbershreds-tholex-andy;False;161;6;0;4;23/01/2015;3
A Country Song (First Finished Song...) NEED VOCALS!;spacebug77;-;False;168;3;0;2;23/12/2017;0
Future Bass/Trap Thing;spacebug77;-;False;2990;128;0;18;23/12/2017;3
Random Shit;spacebug77;-;False;299;13;0;5;23/12/2017;0
LIT FUTURE BASS TRACK;spacebug77;-;False;431;15;0;5;11/01/2018;0
SambaIsh;spencer_allen;adamflorin;False;202;3;0;0;23/01/2014;0
Saturday Schmaturday;spencer_allen;patternbased;False;141;7;0;0;23/01/2014;1
Shiftless;spencer_allen;-;False;77;4;0;0;23/01/2014;1
NotQuiteWhiteWine;spencer_allen;mattetti-greaterthanzero-joshspoon-neil-adamflorin;False;121;6;0;1;23/01/2014;0
Pomme De Terrible;spencer_allen;mattetti-adamflorin;False;56;4;1;0;23/01/2014;0
30 Day Challenge Day 29, Mastering;splice;-;FALSE;420;77;0;12;22/01/2017;4
30 Day Challenge Day 30, Create a track from a vocal melody;splice;-;FALSE;364;66;4;9;22/01/2017;3
Sexual Healing Beat;splice;-;False;233;6;0;3;28/03/2017;0
Splice Trackathon 2017 Winning Track;splice;NoahMcGuire-Ltaylor107-matmatmatmat;False;252;14;0;11;27/04/2017;2
5 best free vst synth plugins demo project;splice;-;False;6487;78;0;20;26/06/2017;3
5 Best Free Reverb vst plugins demo project;splice;-;False;787;3;0;1;26/06/2017;0
5 Best Free Compressor VSTs;splice;-;False;837;4;0;2;26/06/2017;0
Beat Breakdown: Sexual Healing by Marvin Gaye;splice;-;False;789;75;0;9;25/08/2017;0
Beat Breakdown: Planet Rock by Afrika Bambaataa;splice;-;False;262;37;0;6;25/08/2017;0
Beat Breakdown: Love Lockdown by Kanye West;splice;-;False;533;38;0;4;25/08/2017;0
Stranger Things Arpeggio (7th Chord);splice;-;False;449;8;0;7;24/10/2017;0
Stranger Things Arpeggio (Triad);splice;-;False;426;6;0;3;24/10/2017;0
Jump Up Superstar!;splice;-;False;1246;24;0;8;23/11/2017;1
Animal Crossing: Pocket Camp (Main Theme);splice;-;False;884;21;0;5;23/11/2017;0
Creating a Drum Kit with Circle2;splice;-;False;259;5;0;2;23/12/2017;0
Spliced Weekly Challenge - July 24;splicedweeklychallenge;-;False;1156;89;5;7;23/01/2016;0
Spliced Weekly Challenge - July 30, 2015;splicedweeklychallenge;-;FALSE;711;40;1;3;23/01/2016;0
thisisnew;splicenyc;capcom-lustalife;False;5;2;0;0;23/01/2015;0
Lucida;splicestudios;-;False;256;9;0;4;23/01/2015;0
ADE_Ableton_DemoProject;splicestudios;duckhunter-ruidasilva-joma-determinators-spliceade-novationade-paulloraine-zaednaes-brianwichmann2010-mfwijsmuller-mswinck-simonkempner-leocacao-lucatesta-alexanderverrienti-zxilver-pedromartins-wertuals-eqlizion-thajay-dimitriveimar-anirudh-silky-geerten14;False;199;4;0;0;23/01/2015;0
ADE_Ableton_DemoProject;splicestudios;duckhunter-ruidasilva-joma-determinators-spliceade-novationade-paulloraine-zaednaes-brianwichmann2010-mfwijsmuller-mswinck-simonkempner-leocacao-lucatesta-alexanderverrienti-zxilver-pedromartins-wertuals-eqlizion-thajay-dimitriveimar-anirudh-silky-geerten14;False;145;7;0;0;23/01/2015;0
ADE_Ableton_DemoProject;splicestudios;duckhunter-ruidasilva-joma-determinators-spliceade-novationade-paulloraine-zaednaes-brianwichmann2010-mfwijsmuller-mswinck-simonkempner-leocacao-lucatesta-alexanderverrienti-zxilver-pedromartins-wertuals-eqlizion-thajay-dimitriveimar-anirudh-silky-geerten14;False;252;7;0;1;23/01/2015;0
ADE_Ableton_DemoProject;splicestudios;duckhunter-ruidasilva-joma-determinators-spliceade-novationade-paulloraine-zaednaes-brianwichmann2010-mfwijsmuller-mswinck-simonkempner-leocacao-lucatesta-alexanderverrienti-zxilver-pedromartins-wertuals-eqlizion-thajay-dimitriveimar-anirudh-silky-geerten14;False;671;33;0;5;23/01/2015;1
Richie Hawtin CNTRL Tour - Day 1 at Berklee College of Music;splicestudios;makadeli-divanov-vcrow-bcohen3-yungmang-bpershyn-a0wen-jordan_martin-KyleCovan-gleyzeddonut-brianraj-dalvarezdetoled-smashigian-pcalexander-AlanPrice123-cubecutter-riggedarcade-karun-KookyScientist-clarasinephro;False;537;19;0;5;23/01/2015;0
Richie Hawtin Presents CNTRL - Track Created by 130+ Visiting Guests at Splice Booth;splicestudios;suneth-slc-makadeli-johnvon-alexprosvirin-s4rus-mrcart3r-ignelzi-dragz1011-doorja-alyabji-deluga-twoplus-parties-pdxstudio-divanov-hartthorson-ibv-mattossentjuk-stevenwarner-christianjackson-alexnio-sndvljz-vcrow-steadystate-phlange-reaver-connerthomas-bcohen3-BrooksWayne-whoustian-MusicByBrooks-yungmang-bpershyn-a0wen-jordan_martin-KyleCovan-gleyzeddonut-brianraj-dalvarezdetoled-smashigian-pcalexander-AlanPrice123-cubecutter-riggedarcade-karun-KookyScientist-clarasinephro-treblekyle-nancydrew-joshholiday-LuisAscencio-Lushwork-spunkmyerr-paul-littleBits-giselle-andreib-danieln-calgarc-Roudy-Pocaille-julotbd-michelmoustache-Parazar-sipherdee-babslive-RyderHavdale-fitzgr-no1dinosaur-JustinJames-EmmaPace-paulquzz-HugoEncalada-kylenufrio-chornstar-ryangerada-tetapehta-mariotoronto-Kelmo-Enter_Entity-ohballski-addaudio-mtoush-zgruber-oddio-aerodroemme1-aerodroemme_sc-zohairmasood-zinn1031-hishamdahud-Serenity_music-djmeddle-Xminus1-questsonology-RichyRivera-marcellm-chandlerhicks08-shea53-wreckedem-JQuiros85-bisswill-Ablxade-Fauxfaux-mandigerami-BIVify-devinmenzies-JettGuerra-dharmatu-AstorAruba-blueMiki-omnom-bakhu-BenAbstrakt-joseph_caruso-equal-micahvallardsmith-Trovarsi-djkrza-lytmusic1225-solsticeson-Moose33-NikitaEntourage-Zeitu-jstrauss-edcosden-BSe7en-computo-bangingbeats-costav;False;1112;82;1;13;23/01/2015;4
Spatial Effects in Sound Design;splicetips;wiplo;False;536;12;0;2;23/01/2015;0
Tips & Tricks for Recording Your Band at Home.;splicetips;marsattacks;False;1227;53;0;4;23/01/2015;0
Introduction to Field Recording;splicetips;-;False;584;34;0;4;23/01/2015;0
Splice Tips: Creating 'Talking' Wobble Bass Sounds with Ableton Live;splicetips;-;False;1199;57;0;11;23/01/2015;0
Splice Tips: Inter-Application Audio Sampling;splicetips;-;False;362;10;0;5;23/01/2015;0
Using Stereo Delay Lines;splicetips;-;False;485;21;0;5;23/01/2015;0
Splice Tips: Tripletting Up the Timing with Brazzabelle;splicetips;-;False;611;14;1;3;23/01/2015;0
"Blending Genres in a Single Track - Figure and Dirty Deeds' ""The Blob""";splicetips;-;False;1166;70;0;16;23/01/2015;1
Splice - Cthulhu Template;splicetips;-;False;9448;50;0;2;23/01/2015;0
Waves SSL G Buss Comp vs Cytomic's The Glue;splicetips;-;False;2846;54;0;5;23/01/2016;1
Genre Focus - Reggae (Logic X);splicetips;-;False;902;47;0;4;23/01/2016;0
Genre Focus - Reggae (Ableton Live);splicetips;-;False;786;44;0;11;23/01/2016;0
Genre Focus - Funk (Logic X);splicetips;-;False;440;26;0;2;23/01/2016;0
Genre Focus - Funk (Ableton Live);splicetips;-;False;415;26;0;3;23/01/2016;0
Cinematic Packs;splicetips;-;False;726;40;0;3;23/01/2016;0
Red;stpinkie;-;False;156;12;0;6;23/01/2015;0
first eid kit;stpinkie;-;False;237;5;0;2;23/01/2015;2
Can U Feel It (Reloaded Remix);stpinkie;-;False;349;3;0;0;23/01/2015;0
su na - Tell Me (feat. Ravyn Lenae);suna;-;False;11477;1110;4;119;23/01/2016;10
Producing Future Beats;suna;-;False;9522;491;0;59;22/01/2017;8
Loopmasters_Deep House Starter;suneth;-;False;549;64;0;6;23/01/2015;0
Mashup Thing;supertoon;-;False;677;98;0;18;22/01/2017;2
Nothing Too Fancy;supertoon;-;False;542;27;0;4;22/01/2017;0
Too Comfortable (NRRD: LoZ Remix);supertoon;rickysee;False;225;8;0;4;22/01/2017;2
Zedd - Candyman (NRRD Remix);supertoon;-;False;1044;60;0;16;27/04/2017;1
Marshmello - Moving on (NRRD Remix/Remake);supertoon;-;False;536;58;0;7;27/04/2017;0
XO Tour Llif3 (NRRD Remix);supertoon;-;False;507;34;0;10;27/05/2017;0
XO Tour Llif3 [Chimmer Flip] (NRRD Remix);supertoon;Chimmer;False;2515;207;0;50;27/05/2017;0
Shelter/Sad Machine/Divinity/Pay No Mind;supertoon;-;False;534;48;0;6;27/05/2017;1
Pixel Empire;supertoon;-;False;416;22;0;12;26/07/2017;2
Haven't Moved On;supertoon;-;False;738;39;0;13;25/08/2017;1
Progressive House;sydeshow;-;False;839;26;0;2;23/01/2014;2
Gamelan;sydeshow;-;False;83;2;0;1;23/01/2014;0
Vinchi (Original Mix);Tanzil;-;False;118;4;0;0;23/01/2016;0
Mays-Hottest-HouseMix;TFigz;-;False;260;2;0;1;27/05/2017;1
TFIGZ-BEST OF TRAPHIPHOPBASSDUBSTEP MIX;TFigz;-;False;303;8;0;1;24/10/2017;0
T.Figz -Animal Cookies;TFigz;-;False;770;51;0;7;22/01/2017;1
T.Figz- Strawberry stardust(Original Mix);TFigz;-;False;496;18;0;3;22/01/2017;1
T.Figz- Gelato ( Trap Instrumental);TFigz;-;False;709;8;0;1;22/01/2017;1
T.Figz- West Coast Trap;TFigz;-;False;1464;49;0;7;22/01/2017;1
House Music 2016;TFigz;-;False;385;6;0;1;22/01/2017;0
T.Figz-Side Hustle;TFigz;-;False;390;6;0;2;22/01/2017;1
New ElectroHouse&Trap 2016 Best of Party Mashup, EDM Dance Mix;TFigz;-;FALSE;1928;92;0;17;22/01/2017;1
Best Trap/Electro Mix 2017;TFigz;-;False;710;16;0;3;22/01/2017;2
Deorro-Mashup;TFigz;-;False;479;17;0;4;22/01/2017;0
Disarm You -(TFIGZ REMIX)- KASKADE;TFigz;-;False;288;5;0;2;28/03/2017;0
Mark Guiliana - Thick Thunk Preview;thelooploft;youngtrane-marsattacks;False;4131;126;0;15;23/01/2015;2
Splicy;themetabeing;endlessspace-matth-dysrupt;False;51;0;0;0;23/01/2014;0
To Splice a Lie;themetabeing;phiunit-cousincole-jinks;False;223;3;0;0;23/01/2014;0
On my way - Raja V;therajav;djjavi516;False;573;5;0;0;23/01/2015;0
That's Right (Dayman);thetreebeard;-;False;137;0;0;2;23/12/2017;1
Lean on Me (Remix);thetreebeard;-;False;80;0;0;0;16/01/2018;0
Future Bass;TheY-Lord;-;False;379;24;0;3;26/07/2017;0
Camilla Cabello - Havana Piano Beat Remake;TheY-Lord;-;False;817;84;0;3;23/12/2017;1
Piano Trap;TheY-Lord;-;False;627;34;0;4;23/12/2017;1
Everyday;TheY-Lord;-;False;22;1;0;1;20/01/2018;0
Running;TheY-Lord;-;False;30;2;0;0;20/01/2018;0
5-28-16 2HTS 90min impromptu - confusion;thinkingthing;-;False;42;1;0;0;23/01/2016;0
12-3-17 jingle bell track;thinkingthing;-;False;55;1;0;0;23/12/2017;0
Such Beat GO TEAM 25;tholex;barbershreds-sneamonitakis;False;73;0;0;0;23/01/2015;0
013 - S.M.S.;tholex;-;False;187;3;0;1;23/01/2015;0
Tiësto & KSHMR - Secrets (Drop);tiesto;kshmr;False;256934;48702;6;1813;23/01/2015;368
Tiësto - Red Lights (Acapella);tiesto;-;False;10952;2585;1;188;23/01/2016;6
Tiësto - Wasted ft. Matthew Koma (Acapella);tiesto;-;False;13714;2510;3;193;23/01/2016;5
Hardware;toddoli;-;False;313;2;0;2;23/01/2016;0
Aint no sunshine (Bill Withers );toddoli;-;False;359;16;0;3;23/01/2016;0
Did nothing today;toddoli;-;False;374;19;0;3;23/01/2016;0
Get Lucky (Daft Punk acoustic cover);toddoli;-;False;1233;124;0;17;23/01/2016;0
Get Lucky (Feat. Do Mi);toddoli;-;False;310;20;0;8;23/01/2016;0
An afternoon on the balcony;toddoli;-;False;357;8;0;6;22/01/2017;0
Horses of Tupiza;toddoli;-;False;283;23;0;10;22/01/2017;3
expectations;toddoli;-;False;334;19;0;4;22/01/2017;0
La noyée (Yann Tiersen);toddoli;-;False;184;10;0;4;22/01/2017;0
FANB;toddoli;-;False;595;31;0;6;22/01/2017;0
Ecstasy of Gold (Guitar Cover);toddoli;-;False;532;32;0;9;22/01/2017;0
Fuck Valentine I'm going dancing!;toddoli;-;False;158;9;0;5;22/01/2017;4
Silouhette on the river;toddoli;-;False;484;31;0;8;28/03/2017;0
7 billion realities;toddoli;-;False;74;1;0;3;07/01/2018;0
Disco Tension Version 1;tomcosm;-;False;2367;223;1;33;23/01/2015;6
NSM006 - ADIEU MON BEURRE MIX;tonysnark;ivvn;False;52;6;0;1;23/01/2015;1
Grime Season (Lil Pump x Ugly God Type Beat) | Prod. By TS & Supa Lo Beatz |;TSProductions;-;False;858;74;0;6;23/11/2017;1
Duality;ViKO;marsattacks-wiplo-jeffreyemilio;False;136;3;0;1;23/01/2015;0
ID-1;VinceCread;dyro;False;2320;77;0;18;23/01/2015;2
Bruno Mars - That's What I Like (instrumental remake);VincentTrinhMusic;-;False;6900;873;0;86;22/01/2017;3
Bruno Mars - Finesse (Instrumental Remake);VincentTrinhMusic;-;False;1853;162;0;15;28/03/2017;1
FL Studio Template 20: Steve Angello / Ansolo Style Progressive Groove Project (FREE FLP, Presets);WAProduction;-;FALSE;616;39;0;4;22/01/2017;0
Tech House Essentials - FL Studio Template 7 | 2GB Of Samples & Presets;WAProduction;-;False;885;40;0;11;22/01/2017;0
FL Studio Template 21: Chilled Future Bass / Chillstep Monstercat Style Project (FREE FLP, Presets);WAProduction;-;FALSE;316;12;0;2;27/04/2017;0
FL Studio Template 22: Calvin Harris / DJ Antoine Progressive House Style Project (FREE FLP Presets);WAProduction;-;False;353;33;0;2;27/04/2017;0
How To Make FUTURE BASS Tune In 2 MINUTES! (+ FLP);WAProduction;-;False;1422;111;0;9;27/04/2017;0
FL Studio Template 23: OWSLA Style Hybrid Trap Project;WAProduction;-;False;810;62;0;5;27/04/2017;0
FL Studio Template 24: Monstercat Chill Future Bass Project;WAProduction;-;False;865;43;0;7;27/04/2017;0
FL Studio Template 12: Hybrid Trap Dim Mak / Monstercat style Project (+ FREE FLP, Samples, Presets);WAProduction;-;FALSE;2761;242;0;31;22/01/2017;2
FL Studio Template 13: Thomas Newson / Progressive style Project;WAProduction;-;False;1299;98;0;11;22/01/2017;0
FL Studio Template 14: Flume / Marshmello Style Future Bass Project;WAProduction;-;False;1171;56;0;10;22/01/2017;0
FL Studio Template 15: Autoerotique / DIM MAK Style Hybrid Trap Project;WAProduction;-;False;2956;141;0;27;22/01/2017;0
FL Studio Template 16: Thomas Newson / Revealed Style EDM Project;WAProduction;-;False;705;58;0;12;22/01/2017;1
FL Studio Template 17: The Chainsmokers / Monstercat Future Bass Project;WAProduction;-;False;1463;67;0;10;22/01/2017;0
FL Studio Template 18: Kryder / Tom Staar Style Groove House Project (+FREE FLP, Samples Presets);WAProduction;-;FALSE;480;27;0;1;22/01/2017;0
FL Studio Template 19: Snails / Dirty Audio Style EDM Hybrid Trap Project (FREE FLP, Presets);WAProduction;-;FALSE;1975;146;0;19;22/01/2017;0
NEED COLLAB HELP;warrior13004411;-;False;152;1;1;5;22/01/2017;0
Need Rapper soundcloud/pyrokix;warrior13004411;-;False;606;49;0;8;28/03/2017;2
Curbi Style (Do what ever you want);warrior13004411;-;False;1978;165;0;28;27/04/2017;2
Looking For collaber or singer;warrior13004411;-;False;119;3;0;3;26/07/2017;0
Need rapper soundcloud/pyrokix;warrior13004411;-;False;152;13;0;8;26/07/2017;0
Need Rapper soundcloudpyrokix;warrior13004411;-;False;184;20;0;7;25/08/2017;0
Looking For collaber or singer 2 soundlocud/pyrokix;warrior13004411;-;False;126;0;0;4;25/08/2017;1
NEED COLLABER SOUNCLOUD/PYROKIX;warrior13004411;-;False;161;4;0;5;24/10/2017;2
Avicii - Without You (Pyrokix Remix);warrior13004411;-;False;1886;164;0;39;23/11/2017;6
ASAP Rocky Style Beat;warrior13004411;-;False;5593;415;0;65;23/11/2017;7
Playboi Carti Style Beat;warrior13004411;-;False;3569;174;0;25;23/11/2017;0
Migos Style Beat;warrior13004411;-;False;4015;271;0;33;23/12/2017;0
random melodic beat;warrior13004411;-;False;279;13;0;6;23/12/2017;0
Logic Style Beat;warrior13004411;-;False;600;59;0;7;12/01/2018;1
Drake Type Beat;warrior13004411;-;False;49;1;0;1;20/01/2018;0
Wiplo - Garage And Bass [WIP];wiplo;-;False;850;25;0;5;23/01/2015;2
Wiplo - 1 Step 2 Step [WIP];wiplo;-;False;144;5;0;5;23/01/2015;2
Wiplo - Frictionless [WIP];wiplo;-;False;224;8;0;4;23/01/2015;5
Wiplo - Steppers Delight [WIP];wiplo;-;False;849;40;0;15;23/01/2015;4
Wiplo - Hurricane Drums;wiplo;-;False;228;4;0;5;23/01/2015;3
Wiplo - System Music [Musical Shares];wiplo;duckhunter-robbyt-johngutowski;False;161;4;0;7;23/01/2015;1
Wiplo and Chronies - Jungle Massive [musical shares];wiplo;marsattacks-dadewoyin-jeffreyemilio;False;334;20;0;6;23/01/2015;1
KIRA - MONEY $$$;yankeemartz;-;False;2982;196;0;46;24/09/2017;7
Necromancer (CLIP);yankeemartz;-;False;227;8;0;0;24/09/2017;0
KIRA - Necromancer;yankeemartz;-;False;1297;70;0;9;24/09/2017;0
KIRA - Malfunction (WIP);yankeemartz;-;False;293;15;0;3;24/10/2017;0
KIRA - LSD;yankeemartz;-;False;2094;120;0;33;24/10/2017;4
CULPRATE - HALL OF MIRRORS (KIRA REMIX);yankeemartz;-;False;119;1;1;0;23/11/2017;0
XXXTENTACION - SLIPKNOT (AKIRA REMIX);yankeemartz;-;False;392;8;0;1;23/11/2017;0
KIRA - XXX (WIP);yankeemartz;-;False;733;30;0;9;23/12/2017;1
splice musical shares JPL;youngtrane;barbershreds-johngutowski;False;111;4;0;0;23/01/2015;0
vecchio - you (Zaktt Remix);zaktt;-;False;68;6;0;2;23/01/2015;3
vecchio - you (Zaktt Remix);zaktt;-;False;132;6;0;3;23/01/2015;3
vecchio - you (Zaktt Remix);zaktt;-;False;216;7;0;3;23/01/2015;1
Virtual Riot - We're Not Alone(Zaktt Remix);zaktt;-;False;8671;168;0;48;23/01/2015;3
vecchio - you (Zaktt Remix);zaktt;-;False;927;22;1;13;23/01/2015;0
Inversion - Frozen Horizon;zaktt;omoedm;False;142;4;0;0;23/01/2015;0
Keo - Cairo Nights (Zaktt Remix);zaktt;-;False;598;19;1;5;23/01/2015;2
Phoenix - Trying To Be Cool (Zaktt Remix);zaktt;-;False;159;8;0;5;23/01/2015;1
Magic Duel;zaktt;-;False;260;19;0;2;22/01/2017;0
p!nk thoughts;ZaMaRiOn;-;False;360;16;0;1;23/11/2017;0
Zenojim - Squaraw;zenojim;-;False;688;25;1;4;23/01/2015;0
Zenojim - Mov3r;zenojim;ivvn-leukos-pmejino;False;345;24;0;2;23/01/2015;1
Zenojim - Only Oxygen Galaxy;zenojim;ivvn-leukos-bebopkid-grimeshine-zeelee23;False;514;19;0;5;23/01/2015;5
Sitex - Sometimes Im Sad (PHUA edit);-PHUA-;-;True;402;17;0;6;23/11/2017;0
Beyond Reach (Agola Remix);agola;-;True;174;3;0;2;23/01/2015;5
My Love;agola;-;True;819;27;0;5;23/01/2015;0
Tech dance (Agola's Massive DJ tool Remix);agola;-;True;245;13;0;5;23/01/2015;2
Bro Safari x Andromulus - Mysterland Collab idea V1;Andromulus;-;True;1667;0;0;36;23/01/2015;7
Julian Calor - Evolve (TuneUp Remix);Arad;-;True;100;0;0;6;23/01/2016;1
TuneUp - The Middle East (Original Mix);Arad;-;True;149;0;0;11;23/01/2016;4
David Guetta + Showtek - Sun Goes Down (TuneUp Remix);Arad;-;True;82;0;0;4;23/01/2016;1
undergus_sudden;artofsampling;_gus;True;198;10;0;3;23/01/2015;0
Housish2 - mixed by artofsampling;artofsampling;-;True;203;3;0;3;23/01/2015;0
Walker & Royce - Over feat. Stephen Klavier (Concrete Glass 'Bambaataa' Edit) - Artofsampling Remake;artofsampling;-;True;423;5;0;2;23/01/2015;1
Frozen Spirits - Updated :);Azodiac;-;True;4401;242;1;74;22/01/2017;16
Frozen Spirits (Version 3.0);Azodiac;-;True;1915;128;1;45;22/01/2017;11
Frozen Spirits (Version 4.0);Azodiac;-;True;267;15;0;8;28/03/2017;4
Bro Safari's Work In Progress - Baewatch Entry;Baewatch;-;True;287;0;0;26;23/01/2015;16
Bro Safari x Beat Down- Work In Progress;BeatDown;brosafari;True;128;0;0;9;23/01/2015;4
Bro Safari x Beat Down Work In Progress (Official Version);BeatDown;-;True;51;0;0;6;23/01/2015;3
Julian Calor - Evolve (BELUGA Remix);Beluga;-;True;29;0;0;5;23/01/2015;0
Voyage A Paris (BELUGA Remix);Beluga;-;True;169;11;0;2;23/01/2016;0
Accelerator;Beluga;-;True;75;0;0;5;23/01/2016;1
Get On Up (BELUGA Remix);Beluga;-;True;80;0;0;0;23/01/2016;0
David Guetta + Showtek - Sun Goes Down (BELUGA Remix);Beluga;-;True;50;0;0;2;23/01/2016;0
Nicky Romero & Florian Picasso - Only For Your Love (BOX Remix);BOXXXX;-;True;415;0;0;7;23/12/2017;1
KRANE + MYRNE - Monarch (BOX Remix);BOXXXX;-;True;62;0;0;6;23/12/2017;0
Unlike Pluto - Everything Black (feat. Mike Taylor) (BOX Remix);BOXXXX;-;True;3154;0;0;58;24/10/2017;29
louis the child type beat;BOXXXX;-;True;1314;123;0;24;24/10/2017;3
Morgan Page - Beautiful Disaster - Broseidon Deep House Remix;Br0seidon;-;True;9;0;0;3;02/01/2018;0
Wild Fire (KJ SAWKA 40x40x40 Demo song remix);cainenovak;-;True;175;3;0;0;23/01/2014;0
Electro House Splice (sparky);cainenovak;-;True;274;18;0;0;23/01/2014;0
Fifty Three Years (Camino Remix Tool);camino;-;True;421;17;0;4;23/01/2015;0
SweetNo7;camino;agola;True;176;6;0;1;23/01/2015;1
Purple Ice;camino;-;True;477;24;0;2;23/01/2015;0
Haywyre - Work in Progress (Camino Soulful Remix);camino;-;True;1011;14;0;9;23/01/2016;3
OneZero;capcom;-;True;185;4;0;0;23/01/2014;2
"Sickick ""No Games"" Derek Chadwick Remix";Chadsab100;-;True;79;0;0;16;26/07/2017;4
The Darkness;Chadsab100;-;True;88;3;0;3;26/07/2017;2
Marshmello - Alone (Charm Remix);Charm;-;True;10106;0;0;160;23/01/2016;13
Morgan Page - Beautiful Disaster [Prospect Remix];Dainank;-;True;736;0;0;17;23/11/2017;3
Decibel Musical Shares;deluga;-;True;0;0;0;0;23/01/2015;0
Hellberg feat. Cozi Zuehlsdorff - The Girl (Demokracy Extended Mix);Demokracy;-;True;27;0;0;6;23/01/2015;1
Zenojim - Squaraw & Deodata Magic Drums;deodata;zenojim;True;95;1;0;0;23/01/2016;1
Firebeatz - Till The Sun Comes Up feat. Vertel (Sn❄wBall Remix);DJSNOWBALL;-;True;156;0;0;8;24/09/2017;4
Doctor Jeep - Splice Project;doctajeep;-;True;174;21;0;5;23/01/2015;1
Massive Deep v2;duckhunter;-;True;544;16;0;3;23/01/2015;0
Sharam - Heavi (Duckhunter Remix);duckhunter;-;True;204;0;0;11;23/01/2015;0
Deadmau5 feat. Grabbitz - Let Go (ephixa remix);ephixa;-;True;20548;0;0;646;22/01/2017;188
David Guetta + Showtek - Sun Goes Down (F4ST Remix);F4ST;-;True;133;0;0;8;23/01/2016;2
Bro Safari x Fenton's Work In Progress;fentonofficial;-;True;35;0;0;5;23/01/2015;2
Yellow Claw - Bun It Up ft. Beenie Man (Gajine Remix);ganjie;-;True;45;0;0;3;23/01/2016;1
Groovy(added);ganjie;-;True;144;5;0;1;23/01/2015;2
Not to Deep, house (frozen vst channels);ganjie;-;TRUE;506;27;0;4;23/01/2015;3
David Guetta + Showtek - Sun Goes Down (Feat. MAGIC! + Sonny Wilson) [George Gurdjieff Remix];georgegurdjieff;-;True;71;0;0;8;23/01/2016;3
Halla Gram x Bro Safari *WIP*;hallagram;-;True;72;0;0;9;23/01/2015;3
Monstercat Mix Contest 2016 [Hayloe];Hayloe;Monstercat;True;239;0;0;15;22/01/2017;15
Super8 & Tab - Falling Into You (Triode Remix);iamchrisle;-;True;1363;0;0;112;26/07/2017;18
Remix Wednesday: Neurofunk Episode 1 (Icebraker Vs.);icebraker;-;True;172;2;0;2;23/01/2015;0
ANIMALC00KIES (Icy Dub);icebraker;-;True;716;36;0;12;23/01/2015;3
Traggae (Icebraker Remix);icebraker;-;True;395;5;0;4;23/01/2015;2
Ghulam groove (Icebraker Remix);icebraker;-;True;211;7;0;0;23/01/2015;0
Balkstar - Gadget Death (Icebraker Rework);icebraker;-;True;168;1;0;2;23/01/2015;2
Bro Safari's Work In Progress (Icebraker Remix Preview);icebraker;-;True;76;0;0;4;23/01/2015;2
Bro Safari's Work In Progress;icebraker;-;True;436;10;1;2;23/01/2015;1
Bro Safari's Work In Progress (Icebraker Remix);icebraker;-;True;149;3;0;2;23/01/2015;2
Purest Ingredients (Icebraker Remix Tool);icebraker;-;True;530;12;0;6;23/01/2015;3
piXXel - Blue Sky(Jaser Blades Remix);JaserBlades;piXXelOfficial;True;175;2;0;2;23/01/2016;0
Ableton Live Intro Project - Revision 2;jgfresh1997;-;True;257;29;0;4;22/01/2017;0
Collab Alliance - Season 1 Episode 8 (Julian Gray);jgfresh1997;-;True;329;24;0;3;22/01/2017;0
Sharam - Heavi (Josh Holiday Remix);joshholiday;-;True;35;0;0;3;23/01/2015;2
deadmau5 feat. Grabbitz - Let Go ( Josh Holiday Remix);joshholiday;-;True;23;0;0;5;22/01/2017;2
"Jon Sine - ""Fall"" (Julian Doe Remix)";juliandoe;-;True;154;0;0;3;25/08/2017;1
Firebeatz - Till The Sun Comes Up feat. Vertel (Julian Doe Remix);juliandoe;-;True;164;0;0;1;24/09/2017;1
Unlike Pluto - Everything Black (Julian Doe Remix);juliandoe;-;True;165;0;0;3;23/11/2017;1
tyDi - Did You Know (Julian Doe Remix);juliandoe;-;True;39;0;0;6;23/12/2017;2
Morgan Page - Beautiful Disaster Julian Doe Remix;juliandoe;-;True;6;0;0;4;01/01/2018;1
Nicky Romero & Florian Picasso - Only For Your Love (Julian Doe Remix);juliandoe;-;True;11;0;0;0;04/01/2018;0
Low Roar - Easy Way Out (Juronomo Remix);juronomo;-;True;781;41;0;16;22/01/2017;4
Nicky Romero & Florian Picasso - Only For Your Love (KRMB Remix);KarimB;-;True;701;0;0;44;23/12/2017;17
Zedd - Spectrum ( KHALS Remix ) [feat. Matthew Koma];Khals;zedd;True;4442;110;0;18;23/01/2015;3
KRANE + MYRNE - Monarch (LOOKTHIS Remix);LookThis;-;True;71;0;0;10;30/12/2017;1
Breathe (Lucky Remix);luckycharm123;-;True;218;12;0;1;23/01/2016;7
piXXel - ID (Lucky Remix);luckycharm123;piXXelOfficial;True;719;28;0;5;23/01/2016;4
deadmau5 feat. Grabbitz - Let Go (Lucky Remix);luckycharm123;-;True;26;0;0;6;22/01/2017;0
NERVO ft. Timmy Trumpet - Anywhere You Go (M3T1 Remix);m3t1;-;True;125;0;0;3;22/01/2017;3
snowpocalypse the riff;m4m;-;True;35;0;0;0;15/01/2018;0
Gramatik - Anima Mundi ft. Russ Liquid (Marcutio Remix);marcutio;-;True;714;0;0;62;23/01/2016;16
Marshmello - Alone (Marcutio Remix);marcutio;-;True;67;0;0;5;23/01/2016;0
deadmau5 feat. Grabbitz - Let Go (Marcutio Remix);marcutio;-;True;18;0;0;5;22/01/2017;1
Unlike Pluto - Everything Black (feat. Mike Taylor) (Marcutio Remix);marcutio;-;True;29;0;0;3;23/11/2017;1
Dysrupt @ Splice;mattetti;andy;True;126;4;0;0;23/01/2014;0
TheBigSneeze Remix;mattetti;-;True;123;2;0;6;23/01/2015;1
Survivor;MeatPuppet;-;True;245;3;1;3;24/10/2017;0
Midnik X Bro Safari's - Work In Progress;Midnik;-;True;28;0;0;4;23/01/2015;1
Jauz x Pegboard Nerds - Get On Up (Midnight Kid);Midnik;-;True;34;0;0;0;23/01/2016;0
Autoerotique - AUH (Midnight Kid remix);Midnik;-;True;19;0;0;2;23/01/2016;0
Everything You Want;mikhail;-;True;881;22;0;2;23/01/2016;0
Dark Disco;mikhail;-;True;2747;325;0;36;23/01/2016;1
Abyss;mikhail;arewholee;True;374;47;1;15;23/01/2016;1
Purple;mikhail;arewholee;True;878;47;0;9;23/01/2016;0
deadmau5 feat. Grabbitz - Let Go;mimart;-;True;70;0;0;5;22/01/2017;0
Botnek & I See MONSTAS - Deeper Love (KenL Remix);MTX;-;True;38;0;0;0;23/01/2016;1
Marshmello - Alone (sam3killa & Mussar's Mellohton Remix);mussarmusic;-;True;8;0;0;1;23/01/2016;0
Scorzayzee (produced by Juganaut) - Bringing It Back (95 bpm);N3S0;-;True;42;0;0;3;28/03/2017;2
Firebeatz - Till The Sun Comes Up feat. Vertel (Neso Remix);N3S0;-;True;16;0;0;1;24/10/2017;0
"Jon Sine - ""Fall"" (feat. Calum Venice) (Nathonisme Remix)";Nathonisme;-;True;44;0;0;5;25/08/2017;0
Firebeatz - Till The Sun Comes Up feat. Vertel (Nathonisme Remix);Nathonisme;-;True;25;0;0;4;24/09/2017;0
Moby - Like A Motherless Child (nightkites remix);nightkites;moby;True;596;29;0;9;08/01/2018;0
Gramatik - Anima Mundi ft. Russ Liquid (Sleeping Lion Remix);NoahMcGuire;-;True;458;0;0;9;23/01/2016;0
deadmau5 feat. Grabbitz - Let Go ( Notorious B deep twist remix);notoriousb;-;True;51;0;0;5;22/01/2017;0
Bro Safari's Work In Progress - Nuance Remix;nuance;-;True;19;0;0;1;23/01/2015;0
Tommie Sunshine & KANDY - Drop WIP - Nuance;nuance;-;True;23;0;0;0;23/01/2015;0
Big Gigantic - Get On Up (Nuance Remix);nuance;-;True;15;0;0;1;23/01/2015;0
Haywyre - WIP (Ocean Rift Edit);OceanRift;haywyre;True;1495;50;0;12;23/01/2016;1
BROSAFARI WIP (foodback please);od_;brosafari;True;149;0;0;3;23/01/2015;2
Bro Safari & MR.PRIMET!ME - Work in Progress;ogedisong;brosafari;True;183;0;0;4;23/01/2015;2
Bro Safari's Work In Progress;ogedisong;-;True;41;0;0;3;23/01/2015;2
"BRO SAFARI & MR.PRIMET!ME-""Bro Safari's Work In Progress""";ogedisong;-;True;15;0;0;2;23/01/2015;1
Tiësto & KSHMR - Secrets (As silly as it should);omega9;-;True;12610;305;0;54;23/01/2016;5
Julia Lös & Omega9 - I Carry Your Heart With Me;omega9;-;True;175;8;0;3;23/01/2016;0
First Song On Album Possibly (Drop);othim;REV1VEDOfficial;True;216;15;1;2;23/01/2016;0
mrSimon - Snow Village (Splice mix);phiunit;-;True;164;2;0;0;23/01/2014;0
Boombox Cartel & QUIX - Supernatural (feat. Anjulie) (BLNE x DCMG-R x Frose Remix);PsychicFlash;-;True;8;0;0;1;22/01/2017;0
Boombox Cartel & QUIX - Supernatural (feat. Anjulie) (BLNE x DCMG-R x Frose Remix);PsychicFlash;-;True;34;0;0;2;22/01/2017;0
You You You (ALMOST DONE);RabiAndrew;piXXelOfficial;True;535;24;0;7;26/06/2017;2
Alesia x Splice;rebase;-;True;2702;179;1;8;23/01/2014;7
Audrey Napoleon - DALM (Rebase Remix);rebase;andyc;True;365;25;0;4;23/01/2014;1
Alesia x Splice;rebase;-;True;4194;116;0;25;23/01/2015;1
David Guetta + Showtek - Sun Goes Down (Feat. MAGIC! + Sonny Wilson);REV1VEDOfficial;-;True;109;0;0;10;23/01/2016;3
Bit.Trip@ED;Ricolala;-;True;208;1;0;1;26/07/2017;0
Survivor - ROYLE & Meat Puppet - Feat: Meeshanth;ROYLE;MeatPuppet;True;2872;71;0;17;23/11/2017;6
Morgan Page - Beautiful Disaster - ROYLE REMIX;ROYLE;-;True;92;0;0;9;23/12/2017;1
Confection (Ethan Hein Remix);rprecht;-;True;105;1;0;0;24/10/2017;0
Arriving (Ethan Hein Remix);rprecht;-;True;92;0;0;0;24/10/2017;0
Rabbit - deadmau5 feat. Grabbitz - Let Go;rqbbit;-;True;1116;0;0;20;22/01/2017;9
Yellow Claw - Bun It Up ft. Beenie Man (Sam Connors Remix);SCR;-;True;7328;0;0;125;23/01/2016;34
Autoerotique - AUH (Sam Connors Remix);SCR;-;True;393;0;0;41;23/01/2016;3
140 15;seamlessr;-;True;753;28;2;3;23/01/2015;1
140 15;seamlessr;-;True;512;31;0;5;23/01/2015;0
Open Heart ft Lissie (Seb Konstantine Remix);sebkon;-;True;582;40;0;5;23/01/2015;0
Zedd ft Foxes - Clarity (Sebastian Konstantine Remix);sebkon;-;True;783;39;0;6;23/01/2016;0
Steve James - In My Head (feat. RKCB) (Seb Konstantine Remix);sebkon;-;True;2217;53;0;10;22/01/2017;0
Bro Safari - WIP (Serenity Remix);Serenity_music;-;True;1075;0;0;32;23/01/2015;8
Stems For Splice;Shaan;Arad;True;1176;73;0;19;23/01/2016;2
Marshmello - Alone (SITEX Remix);sitex;-;True;540;0;0;6;23/01/2016;1
Future bass --- Collab (complete);sitex;-;True;10236;483;0;91;22/01/2017;4
Unlike Pluto - Everything Black (feat. Mike Taylor) (NinoO remix);slofslof;-;True;28;0;0;1;23/11/2017;0
Morgan Page - Beautiful Disaster (Nino remix);slofslof;-;True;35;0;0;3;23/12/2017;0
Nicky Romero & Florian Picasso - Only For Your Love (Nino remix);slofslof;-;True;132;0;0;0;28/12/2017;0
Botnek + I See MONSTAS - Deeper Love (slushii Remix);slushii;-;True;15657;0;0;496;23/01/2016;87
rapid potato;sneakychipmonk;judo-sedadbk-lzax;True;55;0;0;2;28/03/2017;0
Morgan Page - Beautiful Disaster (Polar B3ar Remix);spacebug77;-;True;104;0;0;9;29/12/2017;3
Bro Safari & Specular Sound - WIP;SpecularSound;brosafari;True;228;0;0;2;23/01/2015;1
Bro Safari's Work In Progress;stevieb123;brosafari;True;154;0;0;11;23/01/2015;8
Bro Safari Work in progress [Final Submission];stevieb123;-;True;759;0;0;6;23/01/2015;0
Touch (VIP) (NRRD EDIT);supertoon;-;True;1042;70;0;18;22/01/2017;0
Do You Still Feel? (NRRD Remix);supertoon;-;True;1646;0;0;67;26/07/2017;10
Fall (NRRD Remix);supertoon;-;True;1440;0;0;58;26/07/2017;17
Hellberg - The Girl (feat. Cozi Zuehlsdorff) (Svensation Remix);svensation;-;True;20;0;0;4;23/01/2015;0
Rebirth (Sydeshow Remix);sydeshow;-;True;98;4;0;1;23/01/2014;0
"Sickick ""No Games"" (Slow Trapped Remix by T3ns10n)";T3ns10n;-;True;98;0;0;29;25/08/2017;8
Tanzil - Asia (Original Mix) (Sounds of KSHMR demo song);Tanzil;-;True;44;0;0;1;23/01/2016;0
Tanzil - Asia (Preview);Tanzil;-;True;30;0;0;0;23/01/2016;0
Speechless-(Future Trap Remix);TFigz;-;True;2272;89;0;13;22/01/2017;0
Kanye (TFigz Remix) - The Chainsmokers;TFigz;-;True;1560;70;0;22;22/01/2017;1
Get A Real Job -(( Future Trap));TFigz;-;True;1867;56;0;16;22/01/2017;3
Dark and Stormy (Bro Safari's Work in Progress Collaboration);themetabeing;-;True;25;0;0;3;23/01/2015;0
Massive Attack Style beat;TheY-Lord;-;True;609;26;0;7;26/07/2017;0
Massive Attack Style beat;TheY-Lord;-;True;372;13;0;1;26/07/2017;0
Another brick in my wall;toddoli;-;True;239;8;0;3;23/01/2016;0
Disco Tension Version 2;tomcosm;-;True;432;99;1;11;23/01/2015;1
Disco Tension Version 3;tomcosm;-;True;307;70;1;10;23/01/2015;0
Disco Tension Version 4;tomcosm;-;True;405;72;0;17;23/01/2015;0
Collab Alliance - Season 1 Episode 7 (Tom Cosm);tomcosm;-;True;377;28;0;7;22/01/2017;0
HAYWYRE WIP SPLICE PROJECT - MM2Remakers edit;TomFischer;haywyre;True;1969;64;0;21;23/01/2015;3
Untitled Project;trapcity;-;True;2859;74;0;40;23/01/2016;1
Bro Safari - WIP (Veorra Remix) v3;Veorra;-;True;5892;0;0;146;23/01/2015;41
BiG GiGANTiC - GET ON UP (ViKO REMIX);ViKO;-;True;55;0;0;3;23/01/2015;0
deadmau5 feat. Grabbitz - Let Go (XeKe remix);Xeke;-;True;76;0;0;8;22/01/2017;3
Culprate - Hall Of Mirrors (KIRA Remix) *FINAL VERSION;yankeemartz;-;True;240;9;0;2;23/11/2017;0
Sander van Doorn, Martin Garrix, DVBBS - Gold Skies (ft. Aleesia) (Zaktt Remix);zaktt;-;TRUE;759;52;0;3;23/01/2015;4
vecchio - you (Zaktt Remix);zaktt;-;True;113;6;1;1;23/01/2015;0
vecchio - you (Zaktt Remix);zaktt;-;True;134;7;0;3;23/01/2015;0
Keo - Cairo Nights (Zaktt Remix);zaktt;-;True;412;35;0;4;23/01/2015;1
Entry to the Laidback Luke & Made In June - Paradise (ft. Bright Lights) contest;Zelll;-;True;29;0;0;4;26/06/2017;0
Morgan Page - Beautiful Disaster (zelll remix);Zelll;-;True;15;0;0;5;23/12/2017;0
Burt Fonix;zenojim;ivvn-leukos-pmejino;True;72;5;0;3;23/01/2015;1
